"source_path","source_sha256","source_revision","function_name","classification","matlab_signature","matlab_arguments","optional_arguments","default_arguments","output_arity","variable_output_arity","output_arity_semantics","output_names","output_semantics","documentation_url","author_annotation","declared_dependencies","unresolved_declared_dependencies","inferred_dependencies","upstream_calls","external_toolboxes","sparse_support","sparse_primitives","densification","direct_rng_calls","uses_global_rng_via","random_behavior","mathematical_category","proposed_julia_name","proposed_julia_signature","compatibility_alias","implementation_status","test_status","documentation_status","benchmark_status","license_provenance_status","review_status","review_notes","known_numerical_or_semantic_ambiguities","line_count"
"AbsPPTConstraints.m","e7cdc38ce5b16a68165f0b983a6033496147fd8a6c1df4a33743c15bd11a5b75","d8589610f00cff106537268dee2e2a1153f3a601","AbsPPTConstraints","public","function L = AbsPPTConstraints(lam,varargin)","lam;varargin","DIM;ESC_IF_NPOS;LIM","DIM=has both subsystems of equal dimension;ESC_IF_NPOS=0;LIM=0","1","false","exactly_1_outputs","L","Builds the eigenvalue matrices that determine whether or not a state is absolutely PPT","http://www.qetlab.com/AbsPPTConstraints","Nathaniel Johnston (nathaniel@njohnston.ca)","IsPSD;opt_args;perm_inv","","IsPSD;opt_args;perm_inv","IsPSD;opt_args;perm_inv","CVX","not_declared","","none_detected","","","deterministic_no_direct_or_transitive_rng_calls_detected","entanglement","abs_ppt_constraints","abs_ppt_constraints(spectrum; dims=nothing, stop_on_violation=false, max_constraints=2612, max_work=500000000, max_entries=1000000, sparse_output=false, atol=nothing, rtol=nothing, allow_densify=false)","AbsPPTConstraints","verified","local-197-native-and-24-compatibility-assertions-plus-28-integrated-source-free-pinned-octave-fixture-assertions-pass-on-julia-1.12.6-and-1.10.11","native-and-compatibility-docstrings_absolute-ppt-guide_api-reference_migration-and-oracle-contract-present","local_quick-smoke-case-present","qetlab-bsd-2-clause-license-verified","manually_reviewed_wp3_mapping","Focused Julia 1.12.6 and 1.10.11 tests, a source-free seven-matrix Octave 11.3.0 fixture from the pinned source, affine model evaluation, sparse/type policy, combinatorial guards, and exact low-dimensional formulas pass; MATLAB was not run.;Scalar DIM is made consistent in the native API, while MATLABCompat.AbsPPTConstraints preserves the pinned equal-local-dimension scalar behavior and positional ESC_IF_NPOS/LIM arguments.;The QETLAB monotone and criss-cross enumeration is independently checked through p=6, including counts 1, 2, 10, 114, and 2612 and direct six-index predicate comparisons.;The solver-independent native family retains every explicit product ordering, numeric or affine Hermitian matrix, criss-cross count, exhaustion state, work/storage count, and active limit; it never stores a JuMP or solver object.","CVX solver status and failure semantics require an explicit Julia design;MATLAB varargin/default semantics require manual review","199"
"AdditiveCompoundMatrix.m","f6572fa5d25ff7817ff8774b3879dab9a3a5ecb91509377455f207a9bb209dfb","d8589610f00cff106537268dee2e2a1153f3a601","AdditiveCompoundMatrix","public","function comp = AdditiveCompoundMatrix(A, r)","A;r","","","1","false","exactly_1_outputs","comp","Computes the r-th additive compound matrix of a given square matrix","https://qetlab.com/AdditiveCompoundMatrix","Nathaniel Johnston","","","AntisymmetricProjection;KroneckerSum","AntisymmetricProjection;KroneckerSum","","not_declared","","none_detected","","","deterministic_no_direct_or_transitive_rng_calls_detected","linear_algebra_and_matrix_analysis","additive_compound_matrix","additive_compound_matrix(matrix, order; sparse_output=issparse(matrix))","AdditiveCompoundMatrix","verified","local_derivative_eigenvalue-sum_exact_sparse_overflow_invalid_jet_wrapper_and-reviewed-order-zero-discrepancy-octave-tests-pass_matlab_not_run","api_docstrings_focused_page_and_migration_mapping_present","local_quick_smoke_recorded","qetlab-bsd-2-clause-license-verified","manually_reviewed_tier_e_mapping_with-native-defined-order-zero-and-pinned-compatibility-error","Local derivative, eigenvalue-sum, exact, sparse, wrapper, JET, benchmark, and reviewed Octave order-zero discrepancy tests pass; MATLAB was not run.;MATLABCompat.AdditiveCompoundMatrix reproduces the reviewed pinned dependency-path error at order zero; positive orders delegate to the native implementation.;The native exterior-action implementation defines order zero as the 1-by-1 additive zero and preserves sparse output and checked exact arithmetic.","","32"
"AntisymmetricProjection.m","e5166c041d899333a08e705eb97ec8fd14e6e2032b5282d89aa8a06632d614d0","d8589610f00cff106537268dee2e2a1153f3a601","AntisymmetricProjection","public","function PA = AntisymmetricProjection(dim,varargin)","dim;varargin","P;PARTIAL;MODE","P=2;PARTIAL=0;MODE=-1","1","false","exactly_1_outputs","PA","Produces the projection onto the antisymmetric subspace","http://www.qetlab.com/AntisymmetricProjection","Nathaniel Johnston (nathaniel@njohnston.ca)","","","asum_vector;glob_ind;opt_args;perm_sign;PermutationOperator;sporth","asum_vector;glob_ind;opt_args;perm_sign;PermutationOperator;sporth","","explicit","sparse;speye","none_detected","","","deterministic_no_direct_or_transitive_rng_calls_detected","linear_algebra_and_matrix_analysis","antisymmetric_projector","antisymmetric_projector(local_dimension, copies=2; T=Float64, sparse_output=true); antisymmetric_subspace_basis(local_dimension, copies=2; T=Float64, sparse_output=true)","AntisymmetricProjection","verified","local_projector_basis_property_and_wrapper_tests_pass_matlab_differential_not_run","api_docstring_and_migration_mapping_present","not_started","qetlab-bsd-2-clause-license-verified","manually_reviewed_tier_a_mapping","Projector, idempotence, orthonormal-basis, empty-subspace, exact-rational, and compatibility-wrapper tests pass locally; MATLAB differential parity has not been run.;The native API separates projector and orthonormal-basis outputs; the wrapper preserves the QETLAB PARTIAL selector.","MATLAB varargin/default semantics require manual review","104"
"ApplyMap.m","555a1d21c7853d1939161e245d269d4caa151d580011ee2c248bc3b59145ef94","d8589610f00cff106537268dee2e2a1153f3a601","ApplyMap","public","function PhiX = ApplyMap(X,Phi)","X;Phi","","","1","false","exactly_1_outputs","PhiX","Applies a superoperator to an operator","http://www.qetlab.com/ApplyMap","Nathaniel Johnston (nathaniel@njohnston.ca)","opt_args;PermuteSystems;Swap","","Swap","opt_args;PermuteSystems;Swap","","explicit","issparse;speye","explicit_full_call","","","deterministic_no_direct_or_transitive_rng_calls_detected","quantum_channels_and_maps","apply_channel","apply_channel(input, map::AbstractMapRepresentation); apply_channel(input, kraus_operators)","ApplyMap","verified","local_analytic_property_invalid_sparse_generic_and_compatibility_branch_tests_pass_matlab_not_run","complete_native-compatibility-docstrings_general-map-guide_and-migration-contract-present","local_direct-preallocated-rectangular-operator-sum-quick-smoke-recorded","qetlab-bsd-2-clause-license-verified","manually_reviewed_wp1_mapping","Homogeneous dense two-sided factors use a reusable preallocated direct kernel; sparse or mixed-storage cases retain natural generic matrix products and never construct a global superoperator.;Local exact, floating, BigFloat, sparse, invalid-shape, representation, compatibility, and Julia 1.10 tests pass; the prior Tier C Octave fixture covers the square CP slice, while MATLAB was not run.;Pinned CP one-column, CP one-row with more than two entries, general two-column factor, and raw generalized-Choi branches are implemented over rectangular row/column operator spaces.","calls full(...); densification conditions and size limits require review","42"
"BCSGameLB.m","f0c3e510f545cd902cfc212835bd17d294c978dc142828f4cbd10d9548f4a298","d8589610f00cff106537268dee2e2a1153f3a601","BCSGameLB","public","function bcslb = BCSGameLB(d,C,varargin)","d;C;varargin","VERBOSE","VERBOSE=1","1","false","exactly_1_outputs","bcslb","Computes a lower bound on the quantum value of a binary constraint system (BCS) game","http://www.qetlab.com/BCSGameLB","Nathaniel Johnston (nathaniel@njohnston.ca)","bcs_to_nonlocal;CVX;NonlocalGameLB;opt_args","","bcs_to_nonlocal;NonlocalGameLB;opt_args","bcs_to_nonlocal;NonlocalGameLB;opt_args","CVX","not_declared","","none_detected","","NonlocalGameLB","implicit_matlab_global_rng_transitive_via:NonlocalGameLB","nonlocality_and_games","bcs_game_lower_bound","bcs_game_lower_bound(rng::AbstractRNG, local_dimension, constraints; coefficient_type=Float64, backend=NoOptimizationBackend(), max_iterations=100, ...)","BCSGameLB","verified","local-187-native-30-compatibility-and-101-hypatia-scs-extension-assertions-pass-on-julia-1.10-and-1.12_matlab-and-cvx-not-run","native-and-compatibility-docstrings_nonlocal-optimization-guide_api-reference_and-migration-contract-present","local_quick-smoke-case-declared_not-yet-recorded","qetlab-bsd-2-clause-license-verified","source_reviewed_and_completed_wp9_2026_07_30","A numerical see-saw candidate is never labeled a certified lower bound and compatibility scalar output rejects it.;Exact rational BCS-to-nonlocal conversion is separated from the explicit Float32 or Float64 solver coefficient policy.;The mandatory caller RNG, bounded initialization and iterations, preflight resource limits, solver statuses, owned POVMs, and independently re-evaluated objective replace upstream global randomness and unchecked cvx_optval use.","CVX solver status and failure semantics require an explicit Julia design;MATLAB varargin/default semantics require manual review;transitively uses implicit MATLAB global RNG via NonlocalGameLB","45"
"BCSGameValue.m","42f9188009aeb5aa81609234b0fa5a26c07f7ba29d4a4fccb7de93f170833e63","d8589610f00cff106537268dee2e2a1153f3a601","BCSGameValue","public","function bcsval = BCSGameValue(C,varargin)","C;varargin","MTYPE;K","MTYPE='classical';K=1","1","false","exactly_1_outputs","bcsval","Computes the maximum value of a binary constraint system (BCS) game","http://www.qetlab.com/BCSGameValue","Nathaniel Johnston (nathaniel@njohnston.ca)","bcs_to_nonlocal;CVX;NonlocalGameValue;opt_args","NonlocalGameValue","bcs_to_nonlocal;opt_args","bcs_to_nonlocal;opt_args","CVX","not_declared","","none_detected","","","deterministic_no_direct_or_transitive_rng_calls_detected","nonlocality_and_games","bcs_game_value","bcs_game_value(constraints; regime=:classical, max_entries=1000000, level=1, backend=NoOptimizationBackend(), ...)","BCSGameValue","verified","local-187-native-30-compatibility-and-101-hypatia-scs-extension-assertions-pass-on-julia-1.10-and-1.12_matlab-and-cvx-not-run","native-and-compatibility-docstrings_nonlocal-optimization-guide_api-reference_and-migration-contract-present","local_quick-smoke-case-declared_not-yet-recorded","qetlab-bsd-2-clause-license-verified","source_reviewed_and_completed_wp9_2026_07_30","The classical branch is exact and guarded. Numerical relaxation values are retained with status and only objective-bound or dual evidence may populate an upper-bound field.;The missing pinned NonlocalGameValue dependency is independently reconstructed through a typed nonlocal game plus exact classical, no-signalling, and finite-NPA dispatch.;The pinned entry point is not executable from the recorded source tree because its dependency is absent; this deviation and reconstruction are documented explicitly.","CVX solver status and failure semantics require an explicit Julia design;declared dependency absent at pinned revision: NonlocalGameValue;MATLAB varargin/default semantics require manual review","48"
"Bell.m","08018c2def832b76184177113091cf0eedd1019034490f0ffb1897fb70295f30","d8589610f00cff106537268dee2e2a1153f3a601","Bell","public","function phi = Bell(varargin)","varargin","IND;SP;NRML","IND=0;SP=0;NRML=1","1","false","exactly_1_outputs","phi","Produces a Bell state","http://www.qetlab.com/Bell","Nathaniel Johnston (nathaniel@njohnston.ca)","iden;opt_args","","iden;opt_args","iden;opt_args","","not_declared","","none_detected","","","deterministic_no_direct_or_transitive_rng_calls_detected","nonlocality_and_games","bell_state","bell_state(index=0; normalized=true, sparse_output=false, T=Float64)","Bell","verified","local_exact_orthogonality_wrapper_and_octave_fixture_tests_pass_matlab_not_run","api_docstring_focused_page_and_migration_mapping_present","not_started","qetlab-bsd-2-clause-license-verified","manually_reviewed_tier_b_mapping","Function-specific Octave/QETLAB evidence is supplemental and MATLAB was not run.;The native index is validated in 0:3; the wrapper retains QETLAB's modulo-four behavior.","MATLAB varargin/default semantics require manual review","41"
"BellInequalityMax.m","fac680c2990af158c5b44a774079de8105aab89ab8f057233aae55ced61a8df0","d8589610f00cff106537268dee2e2a1153f3a601","BellInequalityMax","public","function bmax = BellInequalityMax(coefficients,desc,notation,varargin)","coefficients;desc;notation;varargin","MTYPE;K","MTYPE='classical';K=1","1","false","exactly_1_outputs","bmax","Computes the maximum value of a Bell inequality","http://www.qetlab.com/BellInequalityMax","Nathaniel Johnston (nathaniel@njohnston.ca) and Mateus Araújo","CVX","","CG2FC;CG2FP;FC2CG;FP2CG;FP2FC;NPAHierarchy;opt_args","CG2FC;CG2FP;FC2CG;FP2CG;FP2FC;NPAHierarchy;opt_args","CVX;MATLAB Parallel Computing Toolbox","not_declared","","none_detected","","","deterministic_no_direct_or_transitive_rng_calls_detected","nonlocality_and_games","bell_inequality_bound","bell_inequality_bound(coefficients, scenario; notation=:collins_gisin, regime=:classical, level=1, backend=NoOptimizationBackend(), max_strategies=1000000, max_work=100000000, ...)","BellInequalityMax","verified","local-187-native-30-compatibility-101-hypatia-scs-and-30-source-free-pinned-octave-oracle-assertions-pass-on-julia-1.10-and-1.12_matlab-and-cvx-not-run","native-and-compatibility-docstrings_nonlocal-optimization-guide_api-reference_and-migration-contract-present","local_quick-smoke-case-declared_not-yet-recorded","qetlab-bsd-2-clause-license-verified","source_reviewed_and_completed_wp9_2026_07_30","A solver primal objective alone is never labeled an upper bound; only an objective bound or dual objective can populate that field.;The classical maximum is exact and guarded by strategy and scalar-work budgets. No-signalling and finite-NPA branches retain solver-neutral models and status-rich numerical upper evidence.;Typed full-probability, Collins-Gisin, and binary full-correlator inputs are converted to a canonical Bell functional with checked scenario dimensions and storage limits.","CVX solver status and failure semantics require an explicit Julia design;MATLAB varargin/default semantics require manual review","194"
"BellInequalityMaxQubits.m","4dfe24e80ec4c2767a1f42a9bfbc3d6b1fa08682998bbdd911c12be362f2f90e","d8589610f00cff106537268dee2e2a1153f3a601","BellInequalityMaxQubits","public","function [bmax,rho] = BellInequalityMaxQubits(joint_coe,a_coe,b_coe,a_val,b_val)","joint_coe;a_coe;b_coe;a_val;b_val","","","2","false","exactly_2_outputs","bmax;rho","Approximates the optimal value of a 2-outcome Bell inequality in qubit (i.e., 2-dimensional quantum) settings","http://www.qetlab.com/BellInequalityMaxQubits","Nathaniel Johnston (nathaniel@njohnston.ca)","CVX;PartialTranspose;PermutationOperator;Swap","","PartialTranspose;PermutationOperator;Swap","PartialTranspose;PermutationOperator;Swap","CVX","explicit","sparse;speye","none_detected","","","deterministic_no_direct_or_transitive_rng_calls_detected","nonlocality_and_games","bell_inequality_qubit_bound","bell_inequality_qubit_bound(joint, alice, bob, alice_values, bob_values; backend=NoOptimizationBackend(), max_dimension=256, max_ppt_constraints=127, limits=OptimizationLimits())","BellInequalityMaxQubits","verified","local-187-native-30-compatibility-and-101-hypatia-scs-extension-assertions-pass-on-julia-1.10-and-1.12_matlab-and-cvx-not-run","native-and-compatibility-docstrings_corrected-rectangular-model_nonlocal-optimization-guide_api-reference_and-migration-contract-present","local_quick-smoke-case-declared_not-yet-recorded","qetlab-bsd-2-clause-license-verified","source_reviewed_and_completed_wp9_2026_07_30","Exponential state dimension and PPT partitions are preflighted before allocation. The returned state is a relaxation variable, not a physical strategy certificate.;Numerical results are not independently certified upper bounds, so the compatibility structured=false legacy tuple path rejects them rather than fabricating a scalar certificate.;The solver-neutral PPT clone relaxation corrects the pinned rectangular-setting defect by using Bob's setting count in Bob's loops and dimensions.","CVX solver status and failure semantics require an explicit Julia design","109"
"BrauerStates.m","cdbd6acf49c39c296fe2f4523791e2f3f0d21d93ee741c4499a5fd0b898773b2","d8589610f00cff106537268dee2e2a1153f3a601","BrauerStates","public","function B = BrauerStates(d,p)","d;p","","","1","false","exactly_1_outputs","B","Produces all Brauer states","http://www.qetlab.com/BrauerStates","Nathaniel Johnston (nathaniel@njohnston.ca)","iden;MaxEntangled;opt_args;perfect_matchings;PermuteSystems;Tensor","","MaxEntangled;perfect_matchings;PermuteSystems;Tensor","iden;MaxEntangled;opt_args;perfect_matchings;PermuteSystems;Tensor","","explicit","sparse","none_detected","","","deterministic_no_direct_or_transitive_rng_calls_detected","quantum_states","brauer_states","brauer_states(dim, pairs; T=Float64, max_matchings=100_000, max_nonzeros=1_000_000)","BrauerStates","verified","local_capped_preallocation_guards_sparse_keyword_wrapper_and_exact_octave_fixture_tests_pass_matlab_not_run","api_docstring_focused_page_and_migration_mapping_present","not_started","qetlab-bsd-2-clause-license-verified","manually_reviewed_tier_b_mapping","Function-specific Octave/QETLAB evidence is supplemental and MATLAB was not run.;The perfect-matching column order and values match the tested pinned-QETLAB fixture exactly.","","37"
"BreuerState.m","fb87a6ab722fd5a7974801721e78b3ad28652dad07d2510ed4f97605f7409cfb","d8589610f00cff106537268dee2e2a1153f3a601","BreuerState","public","function breuer_state = BreuerState(dim, lambda)","dim;lambda","","","1","false","exactly_1_outputs","breuer_state","Produces a Breuer state of even dimension >= 2","http://www.qetlab.com/BreuerState","Vincent Russo (vrusso@uwaterloo.ca) Nathaniel Johnston (nathaniel@njohnston.ca)","MaxEntangled;SymmetricProjection","","MaxEntangled;SymmetricProjection","MaxEntangled;SymmetricProjection","","explicit","sparse;speye","none_detected","","","deterministic_no_direct_or_transitive_rng_calls_detected","quantum_states","breuer_state","breuer_state(dim, lambda; sparse_output=true)","BreuerState","verified","local_psd_trace_sparse_wrapper_and_octave_fixture_tests_pass_matlab_not_run","api_docstring_focused_page_and_migration_mapping_present","not_started","qetlab-bsd-2-clause-license-verified","manually_reviewed_tier_b_mapping","Even dimension and convex weight are validated without clipping.;Function-specific Octave/QETLAB evidence is supplemental and MATLAB was not run.","","36"
"CBNorm.m","04c2dd5cfe2fb6d1864b51b58fd8028018eb3a4c53fe8a6d9b9933f05d931d2c","d8589610f00cff106537268dee2e2a1153f3a601","CBNorm","public","function cb = CBNorm(Phi,varargin)","Phi;varargin","DIM","DIM=has both subsystems of equal dimension","1","false","exactly_1_outputs","cb","Computes the completely bounded norm of a superoperator","http://www.qetlab.com/CBNorm","Nathaniel Johnston (nathaniel@njohnston.ca), based on an algorithm by John Watrous","ApplyMap;ChoiMatrix;ComplementaryMap;CVX;DiamondNorm;DualMap;iden;IsCP;IsHermPreserving;IsPSD;KrausOperators;MaxEntangled;opt_args;PermuteSystems;Swap","","DiamondNorm;DualMap;KrausOperators","ApplyMap;ChoiMatrix;ComplementaryMap;DiamondNorm;DualMap;iden;IsCP;IsHermPreserving;IsPSD;KrausOperators;MaxEntangled;opt_args;PermuteSystems;Swap","CVX","not_declared","","none_detected","","","deterministic_no_direct_or_transitive_rng_calls_detected","quantum_channels_and_maps","cb_norm","cb_norm(map; backend=NoOptimizationBackend(), kwargs...) -> ChannelNormResult","CBNorm","verified","local-124-native-21-compatibility-74-hypatia-scs-and-122-source-free-octave-oracle-assertions-pass-on-julia-1.10-and-1.12_matlab-not-run","native-docstring_channel-optimization-guide_api-reference_migration-and-status-bound-certificate-contracts-present","local_quick_analytic_smoke_recorded","qetlab-bsd-2-clause-license-verified","source_reviewed_2026_07_29","Analytic completely-positive, scalar-algebra, and zero-map branches are separated from residual-checked Hypatia/SCS bounds, limits, missing backends, and failures.;The native function applies finite-dimensional Hilbert-Schmidt duality and delegates to the same solver-neutral Watrous diamond-norm model, retaining adjoint provenance in its result.","CVX solver status and failure semantics require an explicit Julia design;MATLAB varargin/default semantics require manual review","38"
"ChannelDistinguishability.m","dc579aefa18c9cfb11c2975e0191b93dfaaf930664b76b05b54021e38c8155f5","d8589610f00cff106537268dee2e2a1153f3a601","ChannelDistinguishability","public","function dist = ChannelDistinguishability(Phi,Psi,varargin)","Phi;Psi;varargin","P;DIM","P=[1/2, 1/2];DIM=tries to guess the input and output dimensions of PHI,PSI","1","false","exactly_1_outputs","dist","Computes the maximum probability of distinguishing two quantum channels","http://www.qetlab.com/ChannelDistinguishability","Nathaniel Johnston (nathaniel@njohnston.ca)","ApplyMap;ChoiMatrix;ComplementaryMap;CVX;DiamondNorm;DualMap;iden;IsCP;IsHermPreserving;IsPSD;KrausOperators;MaxEntangled;opt_args;PermuteSystems;Swap","","ChoiMatrix;DiamondNorm;opt_args;superoperator_dims","ApplyMap;ChoiMatrix;ComplementaryMap;DiamondNorm;DualMap;iden;IsCP;IsHermPreserving;IsPSD;KrausOperators;MaxEntangled;opt_args;PermuteSystems;superoperator_dims;Swap","CVX","not_declared","","none_detected","","","deterministic_no_direct_or_transitive_rng_calls_detected","quantum_channels_and_maps","channel_distinguishability","channel_distinguishability(first_map, second_map; priors=(1/2,1/2), backend=NoOptimizationBackend(), kwargs...) -> ChannelDistinguishabilityResult","ChannelDistinguishability","verified","local-124-native-21-compatibility-74-hypatia-scs-and-122-source-free-octave-oracle-assertions-pass-on-julia-1.10-and-1.12_matlab-not-run","native-docstring_channel-optimization-guide_api-reference_migration-and-upstream-probability-defect-contracts-present","local_quick_analytic_smoke_recorded","qetlab-bsd-2-clause-license-verified","source_reviewed_2026_07_29","Both channels are validated as CP and exactly trace preserving outside numerical boundaries; finite nonnegative priors must sum to one and are never silently normalized.;The native result implements the full channel Holevo--Helstrom probability (p1+p2+norm)/2, correcting the pinned non-deterministic branch that returns only the weighted diamond norm.","CVX solver status and failure semantics require an explicit Julia design;MATLAB varargin/default semantics require manual review","65"
"ChessboardState.m","76f4edea990b0762a07e0ccba65dc7298a33d099293812e126709d30d60f487c","d8589610f00cff106537268dee2e2a1153f3a601","ChessboardState","public","function rho = ChessboardState(a,b,c,d,m,n,varargin)","a;b;c;d;m;n;varargin","S;T","S=A*conj(C)/conj(N);T=A*D/M","1","false","exactly_1_outputs","rho","Produces a chessboard state","http://www.qetlab.com/ChessboardState","Nathaniel Johnston (nathaniel@njohnston.ca)","IsPPT;IsPSD;opt_args;PartialTranspose;PermuteSystems","","IsPPT;opt_args","IsPPT;IsPSD;opt_args;PartialTranspose;PermuteSystems","","not_declared","","none_detected","","","deterministic_no_direct_or_transitive_rng_calls_detected","quantum_states","chessboard_state","chessboard_state(a, b, c, d, m, n; s=nothing, t=nothing)","ChessboardState","verified","local_psd_trace_complex_parameter_wrapper_and_octave_fixture_tests_pass_matlab_not_run","api_docstring_focused_page_and_migration_mapping_present","not_started","qetlab-bsd-2-clause-license-verified","manually_reviewed_tier_b_mapping","Function-specific Octave/QETLAB evidence is supplemental and MATLAB was not run.;The constructor establishes PSD by construction but does not issue an implicit PPT verdict for arbitrary parameters.","MATLAB varargin/default semantics require manual review","47"
"ChoiMap.m","994ca66b38b0518a902f657539603bfebb0c4398ae8219805c726f8ad18804b9","d8589610f00cff106537268dee2e2a1153f3a601","ChoiMap","public","function C = ChoiMap(varargin)","varargin","A;B;C","A=1;B=1;C=0 (the usual Choi map)","1","false","exactly_1_outputs","C","Produces the Choi map or one of its generalizations","http://www.qetlab.com/ChoiMap","Nathaniel Johnston (nathaniel@njohnston.ca)","iden;MaxEntangled;opt_args","","MaxEntangled;opt_args","iden;MaxEntangled;opt_args","","not_declared","","none_detected","","","deterministic_no_direct_or_transitive_rng_calls_detected","quantum_channels_and_maps","choi_map","choi_map(a=1, b=1, c=0)","ChoiMap","verified","local_formula_general_map_wrapper_and_octave_fixture_tests_pass_matlab_not_run","api_docstring_and_migration_mapping_present","not_started","qetlab-bsd-2-clause-license-verified","manually_reviewed_tier_c_mapping","Local formula/application, invalid-parameter, wrapper, and supplemental Octave/QETLAB fixture tests pass; MATLAB was not run.;The compatibility wrapper returns the raw QETLAB Choi matrix.;The native constructor returns a typed sparse general-map representation and does not infer or claim complete positivity.","MATLAB varargin/default semantics require manual review","31"
"ChoiMatrix.m","5f5be4284995768aafe7b9adc256996ccac7253b93f7bfb88e471badf7634ce9","d8589610f00cff106537268dee2e2a1153f3a601","ChoiMatrix","public","function C = ChoiMatrix(Phi,varargin)","Phi;varargin","SYS","SYS=2","1","false","exactly_1_outputs","C","Computes the Choi matrix of a superoperator","http://www.qetlab.com/ChoiMatrix","Nathaniel Johnston (nathaniel@njohnston.ca)","ApplyMap;iden;MaxEntangled;opt_args;PartialMap;PermuteSystems;sporth;superoperator_dims","","MaxEntangled;opt_args;PartialMap;superoperator_dims","ApplyMap;iden;MaxEntangled;opt_args;PartialMap;PermuteSystems;sporth;superoperator_dims","","explicit","issparse","explicit_full_call","","","deterministic_no_direct_or_transitive_rng_calls_detected","quantum_channels_and_maps","choi_matrix","choi_matrix(map::AbstractMapRepresentation)","ChoiMatrix","verified","local_two_sided_rectangular_sys_raw_early_return_sparse_and_invalid_branch_tests_pass_matlab_not_run","complete_native-compatibility-docstrings_general-map-guide_and-migration-contract-present","local_general-operator-sum-to-choi-quick-smoke-case-present","qetlab-bsd-2-clause-license-verified","manually_reviewed_wp1_mapping","Local convention, exact, sparse, raw-copy, rectangular, invalid-input, and Julia 1.10 tests pass; MATLAB/QETLAB differential execution was not run for the newly completed branches.;Numeric Choi input is copied before SYS validation exactly as in the pinned early-return branch; unsupported factor-cell widths are rejected instead of being misinterpreted.;The compatibility wrapper covers one- and two-column factor cells and independently permutes rectangular row and column tensor factors for SYS=1; SYS=2 retains the package's unnormalized input-first convention.","calls full(...); densification conditions and size limits require review;MATLAB varargin/default semantics require manual review","47"
"CliqueNumber.m","dc99fa9c91a6e2be985881a3598013347acf63b42fb59303b48d8e0aac6a1eff","d8589610f00cff106537268dee2e2a1153f3a601","CliqueNumber","public","function [ub,lb] = CliqueNumber(A,varargin)","A;varargin","K;MODE","K=0;MODE='sos'","2","false","exactly_2_outputs","ub;lb","Bounds the clique number (i.e., maximum size of a clique) of a graph","http://www.qetlab.com/CliqueNumber","Nathaniel Johnston (nathaniel@njohnston.ca)","","","CopositivePolynomial;opt_args;PolynomialOptimize;PolynomialSOS","CopositivePolynomial;opt_args;PolynomialOptimize;PolynomialSOS","","not_declared","","none_detected","","PolynomialOptimize;PolynomialSOS","implicit_matlab_global_rng_transitive_via:PolynomialOptimize,PolynomialSOS","polynomial_optimization","clique_number_bounds","clique_number_bounds(rng::AbstractRNG, adjacency; hierarchy=:sos, backend=NoOptimizationBackend(), level=0, inner_samples=0, limits=OptimizationLimits(), kwargs...) -> CliqueNumberResult","CliqueNumber","verified","local-183-native-21-compatibility-60-hypatia-scs-and-80-source-free-octave-oracle-assertions-pass-on-julia-1.10-and-1.12_plus-1099-exhaustive-graphs_matlab-and-cvx-not-run","native-and-compatibility-docstrings_copositivity-clique-guide_api-reference_migration_and-certified-graph-evidence-contracts-present","local_quick_certified-cycle-bounds-smoke-recorded","qetlab-bsd-2-clause-license-verified","source_reviewed_and_completed_wp8_2026_07_30","Exact branches precede polynomial construction, including guarded 38-vertex edgeless and complete graphs. Exhaustive comparison covers all 1099 labeled graphs through five vertices.;Exact graph-theoretic lower and upper bounds retain an owned clique plus independently inspectable edge-count, maximum-degree, and proper-coloring evidence. Floating hierarchy values never tighten the certified integer upper bound.;The mandatory RNG and exact sample count replace upstream global, wall-clock-dependent sampling. Matrix, clique/coloring work, polynomial, model, sample, certificate-bit, and dense-allocation budgets are explicit.","behavior depends on MATLAB input/output arity;MATLAB varargin/default semantics require manual review;transitively uses implicit MATLAB global RNG via PolynomialOptimize, PolynomialSOS","69"
"CoherenceRank.m","aec14921ea91cdebd1c10d2b2f02f8fa21cb6ef1fe22dee36d527b911dd5b717","d8589610f00cff106537268dee2e2a1153f3a601","CoherenceRank","public","function cohRank = CoherenceRank(v, varargin)","v;varargin","TOL;BASIS","TOL=1e-10;BASIS=standard basis","1","false","exactly_1_outputs","cohRank","Calculates the coherence rank of a pure state","http://www.qetlab.com/CoherenceRank","Benjamin Talbot","opt_args","","opt_args","opt_args","","explicit","speye","none_detected","","","deterministic_no_direct_or_transitive_rng_calls_detected","quantum_coherence","coherence_rank","coherence_rank(state; basis=nothing, atol=nothing, rtol=nothing, allow_densify=false)","CoherenceRank","verified","local_definition_tolerance_basis_generic_sparse_wrapper_and_reviewed_discrepancy_octave_fixtures_pass_matlab_not_run","api_docstring_focused_page_migration_mapping_and_upstream_discrepancy_present","local_quick_smoke_recorded","qetlab-bsd-2-clause-license-verified","manually_reviewed_tier_e_mapping_with_intentional_upstream_bug_fix","QETLAB's documentation defines coherence rank as the number of nonzero basis coefficients, but the pinned implementation increments its counter for coefficients at or below tolerance.;The committed Octave/QETLAB fixture records both buggy upstream outputs and the independently tested Julia definition; MATLAB was not run.;The native API and compatibility entry point follow the documented mathematical definition and intentionally do not reproduce the zero-counting bug.","MATLAB varargin/default semantics require manual review","53"
"Commutant.m","cfa81a3475cfb35b34aa1c859f0e5e3a44bb875b7aaa38c7fca94b48f3d1f4a0","d8589610f00cff106537268dee2e2a1153f3a601","Commutant","public","function C = Commutant(A)","A","","","1","false","exactly_1_outputs","C","Computes the commutant of a set of matrices","http://www.qetlab.com/Commutant","Nathaniel Johnston (nathaniel@njohnston.ca)","opt_args;PartialTranspose;PermuteSystems;spnull;Swap","","PartialTranspose;spnull;Swap","opt_args;PartialTranspose;PermuteSystems;spnull;Swap","","explicit","issparse;speye","explicit_full_call","","","deterministic_no_direct_or_transitive_rng_calls_detected","quantum_information_miscellaneous","commutant","commutant(matrices; atol=0, rtol=nothing, allow_densify=false, max_entries=10000000, max_work=1000000000)","Commutant","verified","local_dimension_residual_orthonormality_basis-change-invariance_full-algebra_diagonal_block_multiple-generator_numeric-type_sparse-policy_budget-invalid-and-wrapper-tests-pass_matlab-not-run","native_docstring_matrix-analysis_and_migration-contract-present","local_quick_smoke_recorded","qetlab-bsd-2-clause-license-verified","source_reviewed_2026_07_29","MATLABCompat.Commutant delegates to the native calculation and restores sparse output storage when every generator is sparse.;Sparse generators are assembled sparsely but require explicit bounded densification for the dependency-free SVD; Float32, Float64, and complex counterparts are supported while BigFloat is rejected without down-conversion.;The Julia implementation stacks column-major Kronecker commutators and returns a nonunique Hilbert-Schmidt-orthonormal matrix basis; tests compare dimensions, residuals, and subspace projectors rather than basis entries.","calls full(...); densification conditions and size limits require review","40"
"ComplementaryMap.m","a33de2ef96ed27994a0496e3de0464ce0f579710672d608210f34332aa944a75","d8589610f00cff106537268dee2e2a1153f3a601","ComplementaryMap","public","function PhiC = ComplementaryMap(Phi,varargin)","Phi;varargin","DIM","DIM=has input and output of equal dimension","1","false","exactly_1_outputs","PhiC","Computes the complementary map of a superoperator","http://www.qetlab.com/ComplementaryMap","Nathaniel Johnston (nathaniel@njohnston.ca)","ApplyMap;ChoiMatrix;iden;IsCP;IsHermPreserving;IsPSD;KrausOperators;MaxEntangled;opt_args;PermuteSystems;sporth;superoperator_dims;Swap","","ChoiMatrix;KrausOperators;superoperator_dims;Swap","ApplyMap;ChoiMatrix;iden;IsCP;IsHermPreserving;IsPSD;KrausOperators;MaxEntangled;opt_args;PermuteSystems;sporth;superoperator_dims;Swap","","not_declared","","none_detected","","","deterministic_no_direct_or_transitive_rng_calls_detected","quantum_channels_and_maps","complementary_channel","complementary_channel(map::AbstractMapRepresentation; atol=0, rtol=sqrt(eps(T)), allow_densify=false)","ComplementaryMap","verified","local_cp-dilation_paired-rectangular-input_exact-generic-sparse_representation-kind_invalid-output_and-compatibility-tests-pass_matlab-not-run","complete_native-compatibility-docstrings_general-map-guide_and-migration-contract-present","local_paired-rectangular-input-square-output-direct-quick-smoke-case-present","qetlab-bsd-2-clause-license-verified","manually_reviewed_wp1_mapping","Kraus and paired-factor inputs preserve the supplied dilation, including redundant environment dimensions; Choi and superoperator inputs use the structured canonical decomposition and retain their representation kind.;Local trace-formula reconstruction, exact, generic, sparse, dilation, wrapper-shape, invalid-output, and Julia 1.10 tests pass; MATLAB/QETLAB differential execution was not run.;Paired complements support rectangular input operator spaces when the output operator space is square. Unequal output row and column dimensions are rejected intentionally because no shared environment index exists; the pinned cell2mat/mat2cell path fails on those dimensions.","MATLAB varargin/default semantics require manual review","50"
"CompoundMatrix.m","83099626aa7e5d8ba64c782604864c8ab335335a0e717b624e5de546b05d6da8","d8589610f00cff106537268dee2e2a1153f3a601","CompoundMatrix","public","function comp = CompoundMatrix(A, r)","A;r","","","1","false","exactly_1_outputs","comp","Computes the r-th (multiplicative) compound matrix of a given matrix","https://qetlab.com/CompoundMatrix","Benjamin Talbot and Nathaniel Johnston","","","AntisymmetricProjection;Tensor","AntisymmetricProjection;Tensor","MATLAB Symbolic Math Toolbox","not_declared","","none_detected","","","deterministic_no_direct_or_transitive_rng_calls_detected","linear_algebra_and_matrix_analysis","compound_matrix","compound_matrix(matrix, order; sparse_output=issparse(matrix))","CompoundMatrix","verified","local_exact_cauchy-binet_rectangular_sparse_overflow_invalid_wrapper_and-reviewed-shape-discrepancy-octave-tests-pass_matlab_not_run","api_docstrings_focused_page_and_migration_mapping_present","local_quick_smoke_recorded","qetlab-bsd-2-clause-license-verified","manually_reviewed_tier_e_mapping_with-native-mathematical-shape-and-pinned-compatibility-shape","Local Cauchy--Binet, exact, sparse, wrapper, benchmark, and reviewed Octave shape-discrepancy tests pass; MATLAB was not run.;MATLABCompat.CompoundMatrix preserves pinned QETLAB's 0-by-0 result when order exceeds min(m,n); orders with values use checked exact minor arithmetic and explicit sparse selection.;The native API retains binomial(m,order)-by-binomial(n,order) exterior-map shapes, including a zero-by-nonzero result when the order exceeds only one rectangular dimension.","","50"
"Concurrence.m","436128a7383690e6bdbd717c9f801cbb5d87514a4006f706167578ce548d4e14","d8589610f00cff106537268dee2e2a1153f3a601","Concurrence","public","function c = Concurrence(rho)","rho","","","1","false","exactly_1_outputs","c","Computes the concurrence of a 2-qubit state","http://www.qetlab.com/Concurrence","Nathaniel Johnston (nathaniel@njohnston.ca)","Pauli;pure_to_mixed","","Pauli;pure_to_mixed","Pauli;pure_to_mixed","","not_declared","","none_detected","","","deterministic_no_direct_or_transitive_rng_calls_detected","entanglement","concurrence","concurrence(state; atol=nothing, rtol=nothing, allow_densify=false)","Concurrence","verified","local_pure_mixed_analytic_validation_wrapper_and_octave_fixture_tests_pass_matlab_not_run","api_docstring_migration_and_entanglement_semantics_docs_present","local_quick_smoke_recorded","qetlab-bsd-2-clause-license-verified","manually_reviewed_tier_d_mapping","Both native methods and the compatibility wrapper implement Wootters concurrence only for normalized two-qubit pure vectors or 4 x 4 density matrices.;Inputs are validated and never normalized, repaired, or clipped; the defining max(candidate, 0) remains part of the mathematical formula.;Local analytic, invalid-input, wrapper, benchmark, and supplemental Octave/QETLAB fixture tests pass; MATLAB was not run.","","29"
"CopositivePolynomial.m","4814f9bfbfe4379b725035c1a6c9d60652216278b20e74bdc745c148ca0544bb","d8589610f00cff106537268dee2e2a1153f3a601","CopositivePolynomial","public","function p = CopositivePolynomial(C)","C","","","1","false","exactly_1_outputs","p","Creates a homogenous polynomial whose non-negativity is equivalent to copositivity of a given matrix","http://www.qetlab.com/CopositivePolynomial","Nathaniel Johnston (nathaniel@njohnston.ca)","","","exp2ind","exp2ind","","not_declared","","none_detected","","","deterministic_no_direct_or_transitive_rng_calls_detected","polynomial_optimization","copositive_polynomial","copositive_polynomial(matrix; max_terms=100000)","CopositivePolynomial","verified","local_exact_sparse_symmetry_finiteness_overflow_wrapper_and-julia-1.10-tests-pass_matlab-not-run","dedicated_numeric-contract-api-docstring-and-migration-mapping-present","local_quick_smoke_recorded","qetlab-bsd-2-clause-license-verified","source_reviewed_and_implemented_2026_07_30","Real square finite exactly symmetric input is required. The pinned routine's silent (C+C')/2 repair is intentionally rejected.;The focused 181-assertion polynomial suite passes on Julia 1.12.6 and 1.10.11. MATLAB was not run.;The native result is an owned homogeneous polynomial in a documented fixed weak-composition order; exact and sparse coefficient types are retained.","","32"
"DephasingChannel.m","5eb7c1787cbfdb8047aa178e933c347c14341043022ab8f1d34503fb92a82708","d8589610f00cff106537268dee2e2a1153f3a601","DephasingChannel","public","function delta = DephasingChannel(dim,varargin)","dim;varargin","P","P=0","1","false","exactly_1_outputs","delta","Produces a dephasing channel","http://www.qetlab.com/DephasingChannel","Nathaniel Johnston (nathaniel@njohnston.ca)","iden;MaxEntangled;opt_args","","MaxEntangled;opt_args","iden;MaxEntangled;opt_args","","not_declared","","none_detected","","","deterministic_no_direct_or_transitive_rng_calls_detected","quantum_channels_and_maps","dephasing_channel","dephasing_channel(dim, p=0)","DephasingChannel","verified","local_native_physical_range_wrapper_raw_parameter_and_octave_fixture_tests_pass_matlab_not_run","api_docstring_and_migration_mapping_present","not_started","qetlab-bsd-2-clause-license-verified","manually_reviewed_tier_c_mapping","Local analytic, physicality, sparse, wrapper, and supplemental Octave/QETLAB fixture tests pass; MATLAB was not run.;The compatibility wrapper returns the raw sparse QETLAB Choi formula for every finite real p, including values outside the physical range.;The native physical constructor enforces the complete-positivity range -1/(dim-1) <= p <= 1 without clipping.","MATLAB varargin/default semantics require manual review","28"
"DepolarizingChannel.m","7d722e2aaea4f1e9c459e5407b1303618d9b1f78d9ec0cda8ee3e25560fb9618","d8589610f00cff106537268dee2e2a1153f3a601","DepolarizingChannel","public","function delta = DepolarizingChannel(dim,varargin)","dim;varargin","P","P=0","1","false","exactly_1_outputs","delta","Produces a depolarizing channel","http://www.qetlab.com/DepolarizingChannel","Nathaniel Johnston (nathaniel@njohnston.ca)","iden;MaxEntangled;opt_args","","MaxEntangled;opt_args","iden;MaxEntangled;opt_args","","explicit","speye","none_detected","","","deterministic_no_direct_or_transitive_rng_calls_detected","quantum_channels_and_maps","depolarizing_channel","depolarizing_channel(dim, p=0)","DepolarizingChannel","verified","local_native_physical_range_wrapper_raw_parameter_and_octave_fixture_tests_pass_matlab_not_run","api_docstring_and_migration_mapping_present","not_started","qetlab-bsd-2-clause-license-verified","manually_reviewed_tier_c_mapping","Local analytic, physicality, sparse, wrapper, and supplemental Octave/QETLAB fixture tests pass; MATLAB was not run.;The compatibility wrapper returns the raw sparse QETLAB Choi formula for every finite real p, including values outside the physical range.;The native physical constructor enforces the complete-positivity range -1/(dim^2-1) <= p <= 1 without clipping.","MATLAB varargin/default semantics require manual review","28"
"DiamondNorm.m","a26804a1acf940b90a90d0b1fc67874cc30c0b075285ceb51849b3a0ffeccbb3","d8589610f00cff106537268dee2e2a1153f3a601","DiamondNorm","public","function dn = DiamondNorm(Phi,varargin)","Phi;varargin","DIM","DIM=has both subsystems of equal dimension","1","false","exactly_1_outputs","dn","Computes the diamond norm of a superoperator","http://www.qetlab.com/DiamondNorm","Nathaniel Johnston (nathaniel@njohnston.ca), based on an algorithm by John Watrous","ApplyMap;ChoiMatrix;ComplementaryMap;CVX;DualMap;iden;IsCP;IsHermPreserving;IsPSD;KrausOperators;MaxEntangled;opt_args;PermuteSystems;Swap","","ApplyMap;ChoiMatrix;DualMap;IsCP;KrausOperators;opt_args;PartialTrace","ApplyMap;ChoiMatrix;ComplementaryMap;DualMap;iden;IsCP;IsHermPreserving;IsPSD;KrausOperators;MaxEntangled;opt_args;PartialTrace;PermuteSystems;Swap","CVX","explicit","speye","none_detected","","","deterministic_no_direct_or_transitive_rng_calls_detected","quantum_channels_and_maps","diamond_norm","diamond_norm(map; backend=NoOptimizationBackend(), kwargs...) -> ChannelNormResult","DiamondNorm","verified","local-124-native-21-compatibility-74-hypatia-scs-and-122-source-free-octave-oracle-assertions-pass-on-julia-1.10-and-1.12_matlab-not-run","native-docstring_channel-optimization-guide_api-reference_migration-and-model-resource-contracts-present","local_quick_analytic-and-model_smokes_recorded","qetlab-bsd-2-clause-license-verified","source_reviewed_2026_07_29","A package-owned Watrous primal SDP supports square input/output algebras, unequal dimensions, and general two-sided map representations without a core solver dependency.;Exact zero/scalar and established completely-positive shortcuts are certified separately from numerical matching bounds; sparse densification, Choi growth, variables, PSD blocks, and solver work are explicitly guarded.","CVX solver status and failure semantics require an explicit Julia design;MATLAB varargin/default semantics require manual review","83"
"DickeState.m","6b4af46870c820b67c4be33f31acd49ea5ce2c5da4d039fec26cabc3e1326127","d8589610f00cff106537268dee2e2a1153f3a601","DickeState","public","function dicke_state = DickeState(N,varargin)","N;varargin","K;NRML","K=1;NRML=1","1","false","exactly_1_outputs","dicke_state","Generates a Dicke state","http://www.qetlab.com/DickeState","Vincent Russo (vrusso@uwaterloo.ca) Nathaniel Johnston (nathaniel@njohnston.ca)","opt_args;TensorSum","","opt_args;TensorSum","opt_args;TensorSum","","explicit","speye","none_detected","","","deterministic_no_direct_or_transitive_rng_calls_detected","quantum_states","dicke_state","dicke_state(parties, excitations=1; normalized=true, sparse_output=true, T=Float64)","DickeState","verified","local_combinatorial_normalization_sparse_wrapper_and_octave_fixture_tests_pass_matlab_not_run","api_docstring_focused_page_and_migration_mapping_present","not_started","qetlab-bsd-2-clause-license-verified","manually_reviewed_tier_b_mapping","Function-specific Octave/QETLAB evidence is supplemental and MATLAB was not run.;The implementation directly constructs the sparse fixed-excitation basis support.","MATLAB varargin/default semantics require manual review","82"
"Distinguishability.m","714b3fe26124fa08520f19ed363f7cf4c856d752f6ce8b746dfc282715f111f6","d8589610f00cff106537268dee2e2a1153f3a601","Distinguishability","public","function [dist,meas] = Distinguishability(X,varargin)","X;varargin","P;K","P=[1/k, ..., 1/k], where k is the number of states;K=# of states","2","false","exactly_2_outputs","dist;meas","Computes the maximum probability of distinguishing quantum states","http://www.qetlab.com/Distinguishability","Nathaniel Johnston (nathaniel@njohnston.ca)","CVX;kpNorm;opt_args;TraceNorm","","normalize_cols;opt_args;TraceNorm","kpNorm;normalize_cols;opt_args;TraceNorm","CVX","not_declared","","none_detected","","","deterministic_no_direct_or_transitive_rng_calls_detected","quantum_states","state_distinguishability","state_distinguishability(states; priors=nothing, backend=NoOptimizationBackend(), atol=nothing, rtol=nothing, allow_densify=false, max_dimension=64, max_states=64, max_variables=100000, limits=OptimizationLimits())","Distinguishability","verified","local-92-core-27-compatibility-35-hypatia-scs-and-119-source-free-pinned-octave-oracle-assertions-pass-on-julia-1.10-and-1.12_matlab-not-run","native-and-compatibility-docstrings_dedicated-formulation-result-validation-resource-and-migration-page-present","local_quick_smoke_recorded","qetlab-bsd-2-clause-license-verified","source_reviewed_and_implemented_2026_07_30","States and priors are never silently normalized. The pinned unequal-prior pure-state formula can exceed one; the Julia implementation uses the correct Helstrom formula and the committed fixture records the defect.;Three or more nonorthogonal states use a package-owned POVM SDP and optional Hypatia/SCS backend while retaining primal and dual bounds, measurement and dual evidence, statuses, residuals, and failure diagnostics.;Validated single-state, deterministic-prior, two-state Helstrom, and mutually orthogonal-support branches return residual-checked theorem certificates without a solver.","behavior depends on MATLAB input/output arity;CVX solver status and failure semantics require an explicit Julia design;MATLAB varargin/default semantics require manual review","166"
"DualMap.m","7a70a619093fca1b5342d5ab1fa8da2125e18a0f115cb03559a92e6de41f2da1","d8589610f00cff106537268dee2e2a1153f3a601","DualMap","public","function PhiD = DualMap(Phi,varargin)","Phi;varargin","DIM","DIM=has input and output of equal dimension","1","false","exactly_1_outputs","PhiD","Computes the dual of a superoperator in the Hilbert-Schmidt inner product","http://www.qetlab.com/DualMap","Nathaniel Johnston (nathaniel@njohnston.ca)","opt_args;PermuteSystems;sporth;superoperator_dims;Swap","","superoperator_dims;Swap","opt_args;PermuteSystems;sporth;superoperator_dims;Swap","","not_declared","","none_detected","","","deterministic_no_direct_or_transitive_rng_calls_detected","quantum_channels_and_maps","dual_channel","dual_channel(map::AbstractMapRepresentation)","DualMap","verified","local_raw_cell_shape_rectangular_choi_hilbert_schmidt_invalid_and_compatibility_tests_pass_matlab_not_run","complete_native-compatibility-docstrings_general-map-guide_and-migration-contract-present","local_general-operator-sum-dual-quick-smoke-case-present","qetlab-bsd-2-clause-license-verified","manually_reviewed_wp1_mapping","Every raw factor-cell entry is adjointed with its original cell shape preserved, including general two-column and wider raw cell arrays; typed representations retain their representation kind.;Local Hilbert--Schmidt, raw-shape, rectangular, representation, invalid-DIM, and Julia 1.10 tests pass; MATLAB/QETLAB differential execution was not run for the newly completed branches.;Raw generalized Choi input accepts QETLAB's two-entry square-algebra DIM or full two-row rectangular DIM and returns the conjugate tensor-factor swap through the native dual.","MATLAB varargin/default semantics require manual review","44"
"ElemSymPoly.m","f962fb9a37d38ab23516ce4448faf074af382a25dc691c0471c48825d792ffd4","d8589610f00cff106537268dee2e2a1153f3a601","ElemSymPoly","public","function res = ElemSymPoly(x, k)","x;k","","","1","false","exactly_1_outputs","res","Computes the kth elementary symmetric polynomial of a vector.","http://www.qetlab.com/ElemSymPoly","Benjamin Talbot","","","","","","not_declared","","none_detected","","","deterministic_no_direct_or_transitive_rng_calls_detected","polynomial_optimization","elementary_symmetric_polynomial","elementary_symmetric_polynomial(values, order)","ElemSymPoly","verified","local_exact_rational_complex_sparse_property_overflow_invalid_row-column-wrapper_and-octave-fixture-tests_pass_matlab_not_run","api_docstrings_focused_page_and_migration_mapping_present","not_started","qetlab-bsd-2-clause-license-verified","manually_reviewed_tier_e_mapping_with-exact-arithmetic","Integer, rational, and compatible complex arithmetic is widened internally and checked when narrowed; MATLABCompat.ElemSymPoly also accepts row and column matrices.;Local property, exact-arithmetic, wrapper, invalid-input, and supplemental Octave/QETLAB fixture tests pass; MATLAB was not run.;The descending dynamic program uses O(length(values)*order) arithmetic and O(order) storage without enumerating combinations or densifying sparse vectors.","","31"
"EntangledSubspace.m","bc482fa196c0dac349225b4c9ecbdeae82581b86121e4a7e9ec8d51603b2d0f7","d8589610f00cff106537268dee2e2a1153f3a601","EntangledSubspace","public","function E = EntangledSubspace(dim,localDim,varargin)","dim;localDim;varargin","R","R=1","1","false","exactly_1_outputs","E","Produces a basis of an r-entangled subspace","http://www.qetlab.com/EntangledSubspace","Nathaniel Johnston (nathaniel@njohnston.ca)","","","opt_args","opt_args","","explicit","sparse","none_detected","","","deterministic_no_direct_or_transitive_rng_calls_detected","entanglement","entangled_subspace","entangled_subspace(subspace_dimension, local_dims; r=1, coefficient_type=Float64, max_nonzeros=1000000, max_work=5000000)","EntangledSubspace","verified","local_sharp-bound_exact-small-subspace-schmidt-rank_rectangular_r0-r1-r2_prefix_sparse_float32-bigfloat-complex_wrapper_overflow_guard_invalid-and-julia-1.10-tests-plus-four-case-pinned-octave-fixture-pass_matlab-not-run","native-compatibility-docstrings_states-guide_api-index-and-migration-contract-present","local_quick-smoke-case-present","qetlab-bsd-2-clause-license-verified","manually_reviewed_wp2_mapping","Exact rational elimination verifies full column rank, and exhaustive nonzero coefficient grids on small maximal subspaces independently verify minimum Schmidt ranks r+1 for r=1 and r=2; r=0 spans the full tested space.;Focused native/compatibility tests pass on Julia 1.12 and 1.10. A four-case source-free fixture generated by Octave 11.3.0 from the pinned QETLAB revision exactly matches equal, rectangular, prefix, and r=2 outputs; authoritative MATLAB execution has not been run.;The native coefficient type is explicit and no basis normalization occurs. Exact nonzero/work guards run before sparse allocation, and fixed-width coefficient overflow is rejected with a wider-type remedy.;The native implementation reproduces the pinned sparse diagonal-Vandermonde column order for scalar/equal and rectangular local dimensions and validates the sharp (d1-r)(d2-r) maximal dimension.","MATLAB varargin/default semantics require manual review","68"
"EntFormation.m","020b4a4baa2c66a6831d02849ad1d7686fe39b62a1c7681ad7fe5ecb33d221c2","d8589610f00cff106537268dee2e2a1153f3a601","EntFormation","public","function ef = EntFormation(rho,varargin)","rho;varargin","DIM","DIM=has both subsystems of equal dimension","1","false","exactly_1_outputs","ef","Computes the entanglement of formation of a bipartite quantum state","http://www.qetlab.com/EntFormation","Nathaniel Johnston (nathaniel@njohnston.ca)","Concurrence;Entropy;opt_args;PartialTrace","","Concurrence;Entropy;opt_args;PartialTrace","Concurrence;Entropy;opt_args;PartialTrace","","not_declared","","none_detected","","","deterministic_no_direct_or_transitive_rng_calls_detected","entanglement","entanglement_of_formation","entanglement_of_formation(state, dims; base=2, atol=nothing, rtol=nothing, allow_densify=false, psd_boundary_policy=:reject, rank_boundary_policy=:reject, range_boundary_policy=:reject)","EntFormation","verified","local_pure-vector_arbitrary-dimensional-rank-one-density_mixed-two-qubit_default-rejection_explicit-projection_sparse_generic_boundary_invalid-wrapper_and-zero-concurrence-tests-pass_live-octave-rank-one-and-zero-limit-checks-pass_matlab_not_run","api_docstring_focused-page-and-migration-mapping-document-full-domain-default-dimensions-and-boundary-policies","local_quick_smoke_recorded","qetlab-bsd-2-clause-license-verified","manually_reviewed_tier_e_complete-executable-domain-mapping_with-intentional-safety-and-zero-limit-fixes","Exactly idempotent rank-one projectors are recognized directly. Numerical PSD, rank, and concurrence-range boundary projections all default to rejection and require a named :project opt-in.;The compatibility wrapper preserves row/column vectors and QETLAB's rounded-square-root dimension default, including rectangular 2-by-3 inference.;The mathematical zero-concurrence limit returns zero instead of reproducing the pinned implementation's NaN; exhaustive local tests and live Octave rank-one/zero-limit checks pass, while MATLAB was not run.;The pinned executable domain is covered: normalized pure bipartite vectors, arbitrary-dimensional rank-one density matrices, and mixed two-qubit density matrices; no general mixed-state convex-roof solver is claimed.","MATLAB varargin/default semantics require manual review","74"
"Entropy.m","ecd8d8215cb3eb5deb302bd4171a40c749e4b24015b12b1581dee872f78fbaaa","d8589610f00cff106537268dee2e2a1153f3a601","Entropy","public","function ent = Entropy(rho,varargin)","rho;varargin","BASE;ALPHA","BASE=2;ALPHA=1","1","false","exactly_1_outputs","ent","Computes the von Neumann or Renyi entropy of a density matrix","http://www.qetlab.com/Entropy","Nathaniel Johnston (nathaniel@njohnston.ca)","","","opt_args","opt_args","","not_declared","","explicit_full_call","","","deterministic_no_direct_or_transitive_rng_calls_detected","linear_algebra_and_matrix_analysis","renyi_entropy","renyi_entropy(rho, alpha; base, atol=nothing, rtol=nothing, allow_densify=false)","Entropy","verified","local_all_numeric_orders_endpoints_continuity_zero-support_base_precision_sparse_invalid_wrapper_and_alpha-one-octave-fixture_tests_pass_matlab_not_run","complete_numeric_scope_api_docstrings_and_migration_mapping_present","local_quick_smoke_recorded","qetlab-bsd-2-clause-license-verified","manually_reviewed_wp2_numeric_mapping","Local analytic, endpoint, continuity, invalid-input, sparse, precision, and wrapper tests pass. The committed Octave/QETLAB fixture covers alpha one; MATLAB and the new non-alpha-one branches have no MATLAB-family oracle.;The native API requires an explicit logarithm base; MATLABCompat.Entropy keeps QETLAB's BASE=2 default. General sparse spectral work requires explicit densification, while Diagonal states preserve generic floating precision.;The native function and compatibility wrapper implement alpha zero, alpha one, finite nonnegative alpha, and alpha infinity with explicit endpoint formulas and no implicit normalization or clipping.","calls full(...); densification conditions and size limits require review;MATLAB varargin/default semantics require manual review","57"
"Fidelity.m","d8551d82fef36e01be13a0703abcf30f23009e8d56ebb025c857dfec2fa6f324","d8589610f00cff106537268dee2e2a1153f3a601","Fidelity","public","function fid = Fidelity(rho,sigma)","rho;sigma","","","1","false","exactly_1_outputs","fid","Computes the (Uhlmann) fidelity of two density matrices","http://www.qetlab.com/Fidelity","Vincent Russo (vrusso@uwaterloo.ca) Nathaniel Johnston (nathaniel@njohnston.ca)","CVX","","","","CVX","not_declared","","none_detected","","","deterministic_no_direct_or_transitive_rng_calls_detected","linear_algebra_and_matrix_analysis","fidelity","fidelity(rho, sigma; squared=false, atol=nothing, rtol=nothing, allow_densify=false)","Fidelity","verified","local_pure_mixed_symmetry_validation_wrapper_and_octave_fixture_tests_pass_matlab_not_run","api_docstring_and_migration_mapping_present","local_quick_smoke_recorded","qetlab-bsd-2-clause-license-verified","manually_reviewed_tier_d_mapping","Density matrices receive strict validation and are never normalized, symmetrized silently, or range-clipped.;Local analytic, invalid-input, wrapper, benchmark, and supplemental Octave/QETLAB fixture tests pass; MATLAB and QETLAB's optional CVX path were not run.;The native default and compatibility wrapper return QETLAB's unsquared Uhlmann root fidelity; squared=true is an explicit project-native option.","CVX solver status and failure semantics require an explicit Julia design","53"
"FilterNormalForm.m","9bb28733e3e3edf1290833758615a7c7a193ced2551c89be3656bfcf7a813153","d8589610f00cff106537268dee2e2a1153f3a601","FilterNormalForm","public","function [xi,GA,GB,FA,FB] = FilterNormalForm(rho,varargin)","rho;varargin","DIM;TOL","DIM=has both subsystems of equal dimension;TOL=sqrt(eps)","5","false","exactly_5_outputs","xi;GA;GB;FA;FB","Computes the filter normal form of an operator","http://www.qetlab.com/FilterNormalForm","Nathaniel Johnston (nathaniel@njohnston.ca)","OperatorSchmidtDecomposition;OperatorSinkhorn;opt_args;PartialTrace;PermuteSystems;SchmidtDecomposition;Swap","","OperatorSchmidtDecomposition;OperatorSinkhorn;opt_args","OperatorSchmidtDecomposition;OperatorSinkhorn;opt_args;PartialTrace;PermuteSystems;SchmidtDecomposition;Swap","","not_declared","","none_detected","","","deterministic_no_direct_or_transitive_rng_calls_detected","linear_algebra_and_matrix_analysis","filter_normal_form","filter_normal_form(rho, dims; balance_atol=0, balance_rtol=nothing, rank_atol=0, rank_rtol=nothing, coefficient_atol=0, coefficient_rtol=nothing, verification_atol=0, verification_rtol=nothing, max_iterations=1000, max_condition_number=nothing, allow_densify=false, max_entries=10000000, max_work=1000000000)","FilterNormalForm","verified","local_148-assertion_full-rank_equal_rectangular-complex_arbitrary-trace_low-rank-valid_all-six-status_two-reconstruction-identity_hermitian-orthonormal_rank-tolerance_default-scalar-singleton-vector-five-output_tol-correction_type-sparse-resource-invalid-and-julia-1.10-tests-pass_matlab-not-run","native-docstring_focused-guide_api-index_migration-mapping_rank-status-reconstruction-resource-and-upstream-correction-contracts-present","local_targeted_quick_smoke_recorded","qetlab-bsd-2-clause-license-verified","manually_reviewed_wp2_mapping_with_bounded_safety_corrections","All executable pinned branches are covered: rounded-square-root default DIM, scalar and two-element DIM, default and explicit TOL, successful five-output construction, and low-rank Sinkhorn failure translation. Compatibility returns exactly five positionally destructurable fields only after every native check succeeds.;Full-rank equal and rectangular complex cases, arbitrary trace, a valid rank-one form, singular and ill-conditioned marginals, iteration/preflight/sweep/postprocessing work limits, forced numerical verification failure, filter and normal-form identities, Hermitian orthonormal factors, dimension/tolerance branches, Float32/ComplexF32, sparse policy, invalid inputs, and compatibility outputs pass on Julia 1.12.6 and 1.10.11; MATLAB was not run.;The implementation intentionally forwards TOL to the Sinkhorn stage, correcting the pinned routine's parsed-but-unused argument, and generalizes the displayed identity to arbitrary positive trace. It preserves distinct singular, ill-conditioned, iteration, work, and numerical statuses instead of collapsing them into NoFNF.;The input and returned filtered operator are never normalized, symmetrized, clipped, or trace-repaired. A derived centered work matrix is averaged with its adjoint only after a reported Hermiticity roundoff check; the native result retains all decomposition terms while the wrapper applies the reviewed QETLAB numerical threshold.;The native result preserves the complete thin Hermitian operator-Schmidt decomposition, actual filtered trace, local filters, numerical input and coefficient ranks, nested Sinkhorn residual and conditioning diagnostics, both reconstruction residuals, failed subsystem, and total conservative work accounting.","MATLAB varargin/default semantics require manual review","79"
"FourierMatrix.m","66085e420c3a48c608acea2ca0735468a7da91e1edd60b8905bdd92fa03e5ee3","d8589610f00cff106537268dee2e2a1153f3a601","FourierMatrix","public","function F = FourierMatrix(dim)","dim","","","1","false","exactly_1_outputs","F","Generates the unitary matrix that implements the quantum Fourier transform","http://www.qetlab.com/FourierMatrix","Nathaniel Johnston (nathaniel@njohnston.ca)","","","","","","not_declared","","none_detected","","","deterministic_no_direct_or_transitive_rng_calls_detected","linear_algebra_and_matrix_analysis","fourier_matrix","fourier_matrix(dim; T=Float64)","FourierMatrix","verified","local_unitarity_bigfloat_wrapper_and_octave_fixture_tests_pass_matlab_not_run","api_docstring_focused_page_and_migration_mapping_present","not_started","qetlab-bsd-2-clause-license-verified","manually_reviewed_tier_b_mapping","Function-specific Octave/QETLAB evidence is supplemental and MATLAB was not run.;The positive exponential convention matches the pinned QETLAB function.","","18"
"GellMann.m","2282561c7e96c6c8bdbaa86a6d424196a21e172b3e6b0bbff5dc64fd2434a57c","d8589610f00cff106537268dee2e2a1153f3a601","GellMann","public","function g = GellMann(ind,varargin)","ind;varargin","SP","SP=0","1","false","exactly_1_outputs","g","Produces a Gell-Mann operator","http://www.qetlab.com/GellMann","Nathaniel Johnston (nathaniel@njohnston.ca)","opt_args","","opt_args","opt_args","","explicit","sparse","none_detected","","","deterministic_no_direct_or_transitive_rng_calls_detected","linear_algebra_and_matrix_analysis","gell_mann","gell_mann(index; sparse_output=false, T=Float64)","GellMann","verified","local_basis_orthogonality_generic_wrapper_and_octave_fixture_tests_pass_matlab_not_run","api_docstring_focused_page_and_migration_mapping_present","not_started","qetlab-bsd-2-clause-license-verified","manually_reviewed_tier_b_mapping","Function-specific Octave/QETLAB evidence is supplemental and MATLAB was not run.;Hermiticity, trace, Hilbert-Schmidt orthogonality, sparse output, and precision selection are tested.","MATLAB varargin/default semantics require manual review","50"
"GenGellMann.m","c32f3251ae37595ba8999d6bbd1d85a20f083a1bca7404a06396aa5ab5daa959","d8589610f00cff106537268dee2e2a1153f3a601","GenGellMann","public","function g = GenGellMann(ind1,ind2,dim,varargin)","ind1;ind2;dim;varargin","SP","SP=0","1","false","exactly_1_outputs","g","Produces a generalized Gell-Mann operator or the identity matrix","http://www.qetlab.com/GenGellMann","Nathaniel Johnston (nathaniel@njohnston.ca)","opt_args","","opt_args","opt_args","","explicit","sparse;speye","explicit_full_call","","","deterministic_no_direct_or_transitive_rng_calls_detected","linear_algebra_and_matrix_analysis","generalized_gell_mann","generalized_gell_mann(first, second, dim; sparse_output=false, T=Float64)","GenGellMann","verified","local_basis_orthogonality_generic_sparse_wrapper_and_octave_fixture_tests_pass_matlab_not_run","api_docstring_focused_page_and_migration_mapping_present","not_started","qetlab-bsd-2-clause-license-verified","manually_reviewed_tier_b_mapping","Function-specific Octave/QETLAB evidence is supplemental and MATLAB was not run.;The zero-based basis indices and identity element match the pinned QETLAB contract.","calls full(...); densification conditions and size limits require review;MATLAB varargin/default semantics require manual review","49"
"GenPauli.m","d12052e1597f08f17a3bd43d1dc7687014d5fb54555a0a1c726f348ebcd2026d","d8589610f00cff106537268dee2e2a1153f3a601","GenPauli","public","function p = GenPauli(ind1,ind2,dim,varargin)","ind1;ind2;dim;varargin","SP","SP=0","1","false","exactly_1_outputs","p","Produces a generalized Pauli operator","http://www.qetlab.com/GenPauli","Nathaniel Johnston (nathaniel@njohnston.ca)","opt_args","","opt_args","opt_args","","explicit","speye","explicit_full_call","","","deterministic_no_direct_or_transitive_rng_calls_detected","nonlocality_and_games","generalized_pauli","generalized_pauli(shift, clock, dim; sparse_output=false, T=Float64)","GenPauli","verified","local_unitarity_generic_sparse_wrapper_and_octave_fixture_tests_pass_matlab_not_run","api_docstring_focused_page_and_migration_mapping_present","not_started","qetlab-bsd-2-clause-license-verified","manually_reviewed_tier_b_mapping","Function-specific Octave/QETLAB evidence is supplemental and MATLAB was not run.;The zero-based Weyl indices match the pinned QETLAB contract.","calls full(...); densification conditions and size limits require review;MATLAB varargin/default semantics require manual review","40"
"GenRobustnesskCoherence.m","aa3d429fc0fb9f715391620de67d9407f638bd58307922e49bf7ab5b57e37e78","d8589610f00cff106537268dee2e2a1153f3a601","GenRobustnesskCoherence","public","function [robk,sig] = GenRobustnesskCoherence(rho,k)","rho;k","","","2","false","exactly_2_outputs","robk;sig","Computes the generalized robustness of k-coherence of a mixed quantum state","","Nathaniel Johnston (nathaniel@njohnston.ca)","CVX;IskCoherent","IskCoherent","","","CVX","not_declared","","none_detected","","","deterministic_no_direct_or_transitive_rng_calls_detected","quantum_coherence","generalized_robustness_k_coherence","generalized_robustness_k_coherence(state, k; backend=NoOptimizationBackend(), strategy=:auto, atol=nothing, rtol=nothing, limits=OptimizationLimits(), max_subsets=10000, max_band_search_nodes=100000, allow_densify=false)","GenRobustnesskCoherence","verified","local-386-shared-core-compatibility-plus-88-hypatia-scs-and-51-source-free-oracle-assertions-pass-on-julia-1.10-and-1.12_matlab-not-run","native-and-compatibility-docstrings_dedicated-factor-width-model-result-certificate-resource-and-migration-page-present","local_quick_smoke_recorded","qetlab-bsd-2-clause-license-verified","source_reviewed_and_implemented_2026_07_30","Pure-state theorem branches and the general SDP retain free states, unnormalized noise, normalized noise when nonzero, decompositions, residuals, and full optimizer status.;The missing IskCoherent dependency is replaced by the independently specified factor-width cone and exact bounded subset decomposition.;Zero robustness returns noise_state=nothing and never divides a zero matrix by zero.","CVX solver status and failure semantics require an explicit Julia design;declared dependency absent at pinned revision: IskCoherent;no upstream documentation URL annotation found","30"
"GHZState.m","8e97a087fa7a7d35c61e84d97c4ffa3946e7c020fb91fc047d982dacbd8ba418","d8589610f00cff106537268dee2e2a1153f3a601","GHZState","public","function ghz_state = GHZState(dim,q,varargin)","dim;q;varargin","COEFF","COEFF=[1,1,...,1]/sqrt(DIM)","1","false","exactly_1_outputs","ghz_state","Generates a (generalized) GHZ state","http://www.qetlab.com/GHZState","Vincent Russo (vrusso@uwaterloo.ca) Nathaniel Johnston (nathaniel@njohnston.ca)","opt_args","","opt_args","opt_args","","explicit","sparse","none_detected","","","deterministic_no_direct_or_transitive_rng_calls_detected","quantum_states","ghz_state","ghz_state(dim, parties; coefficients=nothing, sparse_output=true, T=Float64)","GHZState","verified","local_normalization_coefficients_sparse_wrapper_and_octave_fixture_tests_pass_matlab_not_run","api_docstring_focused_page_and_migration_mapping_present","not_started","qetlab-bsd-2-clause-license-verified","manually_reviewed_tier_b_mapping","Function-specific Octave/QETLAB evidence is supplemental and MATLAB was not run.;Supplied coefficients are used exactly and never silently normalized.","MATLAB varargin/default semantics require manual review","57"
"GisinState.m","b63f125e4784317a9486b5e315b151598ddc4d611aa564755c9de8e136dd70e2","d8589610f00cff106537268dee2e2a1153f3a601","GisinState","public","function gisin_state = GisinState( lambda, theta )","lambda;theta","","","1","false","exactly_1_outputs","gisin_state","Produces a Gisin state","http://www.qetlab.com/GisinState","Vincent Russo (vrusso@uwaterloo.ca)","","","","","","not_declared","","none_detected","","","deterministic_no_direct_or_transitive_rng_calls_detected","quantum_states","gisin_state","gisin_state(lambda, theta)","GisinState","verified","local_psd_trace_wrapper_and_octave_fixture_tests_pass_matlab_not_run","api_docstring_focused_page_and_migration_mapping_present","not_started","qetlab-bsd-2-clause-license-verified","manually_reviewed_tier_b_mapping","Function-specific Octave/QETLAB evidence is supplemental and MATLAB was not run.;The mixing probability is validated in [0,1] and the angle is documented in radians.","","41"
"helpers/asum_vector.m","5372582de71427318e85e953ea066b2b8e2325b5c4cabcd8f8e671894257951f","d8589610f00cff106537268dee2e2a1153f3a601","asum_vector","internal","function alist = asum_vector(sm,p)","sm;p","","","1","false","exactly_1_outputs","alist","Creates all binary vectors with a given sum","http://www.qetlab.com/asum_vector","Nathaniel Johnston (nathaniel@njohnston.ca)","","","","","","not_declared","","none_detected","","","deterministic_no_direct_or_transitive_rng_calls_detected","internal_helper","asum_vector","asum_vector(sm, p)","","internal_helper_superseded_by_private_parent_algorithm","indirect_parent_local_tests_pass_no_standalone_helper_test","parent_public_api_documented_helper_not_exposed","not_started","qetlab-bsd-2-clause-license-verified","source_reviewed_internal_2026_07_29","Projector and basis properties plus the reviewed upstream fixture pass, so no public helper is needed.;Used only by upstream AntisymmetricProjection; the Julia implementation directly enumerates strictly increasing basis labels.","","37"
"helpers/asymind.m","1050947ad2191f377c52b5efceaf2b3a299ed5dad099e13f93451b645e2b0abf","d8589610f00cff106537268dee2e2a1153f3a601","asymind","internal","function ai = asymind(d,v)","d;v","","","1","false","exactly_1_outputs","ai","Creates all possible increasing integer vectors","http://www.qetlab.com/asymind","Nathaniel Johnston (nathaniel@njohnston.ca)","","","","","","not_declared","","none_detected","","","deterministic_no_direct_or_transitive_rng_calls_detected","internal_helper","asymind","asymind(d, v)","","internal_helper_superseded_by_private_parent_algorithm","indirect_parent_local_tests_pass_no_standalone_helper_test","parent_public_api_documented_helper_not_exposed","not_started","qetlab-bsd-2-clause-license-verified","source_reviewed_internal_2026_07_29","The pinned tree has no public caller; its increasing-tuple capability is represented by the private projector iterator.","","32"
"helpers/bcs_to_nonlocal.m","564b9cb44f336e327426cbf2c1ae54ee71e34d0aaa1188f18be0f2c329f1e1a3","d8589610f00cff106537268dee2e2a1153f3a601","bcs_to_nonlocal","internal","function [p,V] = bcs_to_nonlocal(C)","C","","","2","false","exactly_2_outputs","p;V","Converts a constraint description of a binary constraint system (BCS) game to a general non-local game description","http://www.qetlab.com/bcs_to_nonlocal","Nathaniel Johnston (nathaniel@njohnston.ca)","update_odometer","","pad_array","pad_array;update_odometer","","not_declared","","none_detected","","","deterministic_no_direct_or_transitive_rng_calls_detected","internal_helper","bcs_to_nonlocal","bcs_to_nonlocal(c)","","internal_helper_superseded_by_public_typed_nonlocal_game_conversion","exact-bcs-validation-and-rational-nonlocal-game-conversion-covered-by-parent-native-compatibility-extension-and-julia-1.10-tests","parent-public-conversion-and-missing-upstream-dependency-reconstruction-documented_helper-not-exposed","covered-by-parent-quick-smoke-declaration","qetlab-bsd-2-clause-license-verified","source_reviewed_internal_terminal_2026_07_30","The native conversion uses exact rational probabilities and payoffs and is exercised by both completed BCS public rows.;The pinned requires annotation is stale: the body calls pad_array rather than its declared update_odometer helper.;Typed BCSGame validation and the public nonlocal_game conversion supersede the helper without exposing MATLAB's raw padded arrays.","","94"
"helpers/cg2fc.m","7a578b71ccda11b933f06c7fb72ca87ed052b309d0fbb78a1aaffcb496011635","d8589610f00cff106537268dee2e2a1153f3a601","CG2FC","internal","function FC = CG2FC(CG,varargin)","CG;varargin","","","1","false","exactly_1_outputs","FC","takes a Bell functional or behaviour CG that is","","","","","","","","not_declared","","none_detected","","","deterministic_no_direct_or_transitive_rng_calls_detected","internal_helper","cg2_fc","cg2_fc(cg)","","internal_helper_superseded_by_typed_parent_specific_canonical_nonlocal_representation","parent-full-collins-gisin-correlator-conversion-and-round-trip-tests-pass-on-julia-1.10-and-1.12","parent-public-typed-representation-and-canonical-functional-conversion-documented_helper-not-exposed","covered-by-parent-quick-smoke-declaration","qetlab-bsd-2-clause-license-verified","source_reviewed_internal_terminal_2026_07_30","BellInequalityMax uses typed behavior/functional constructors and a parent-specific canonical BellFunctional conversion instead of exposing raw helper arrays.;Binary-output full-correlator restrictions, dimensions, storage, and exact round trips are validated in the completed parent tests.","behavior depends on MATLAB input/output arity;MATLAB varargin/default semantics require manual review;no upstream documentation URL annotation found","39"
"helpers/cg2fp.m","4ef594b9a2ea7aeb2c26dbc195f15f38bad0ed5c8732c56d54d885b3e2cb6695","d8589610f00cff106537268dee2e2a1153f3a601","CG2FP","internal","function V=CG2FP(CG,desc,varargin)","CG;desc;varargin","","","1","false","exactly_1_outputs","V","takes a Bell functional or behaviour CG","","Mateus Araújo","","","","","","not_declared","","none_detected","","","deterministic_no_direct_or_transitive_rng_calls_detected","internal_helper","cg2_fp","cg2_fp(cg, desc)","","internal_helper_superseded_by_public_typed_bell_behavior_conversion","public-typed-collins-gisin-to-full-probability-boundary-round-trip-and-parent-functional-tests-pass-on-julia-1.10-and-1.12","public-typed-behavior-conversion-and-parent-functional-canonicalization-documented_helper-not-exposed","covered-by-parent-quick-smoke-declaration","qetlab-bsd-2-clause-license-verified","source_reviewed_internal_terminal_2026_07_30","The public full_probability_behavior conversion supersedes behavior conversion, while BellFunctional supplies the parent-specific functional canonicalization.;Typed behavior and functional APIs keep normalization, no-signalling, coefficient, and scenario semantics distinct and tested.","behavior depends on MATLAB input/output arity;MATLAB varargin/default semantics require manual review;no upstream documentation URL annotation found","77"
"helpers/chshd.m","6a4579d091311a395b0ad989fdaca3612a80d989d021a47bf5bc735d44ef617b","d8589610f00cff106537268dee2e2a1153f3a601","chshd","internal","function G = chshd(d)","d","","","1","false","exactly_1_outputs","G","produces coefficients of the CHSH-d game","","","","","","","","not_declared","","none_detected","","","deterministic_no_direct_or_transitive_rng_calls_detected","internal_helper","chshd","chshd(d)","","intentionally_not_ported_unreferenced_upstream_private_helper","not_applicable_no_package_binding","inventory_disposition_only","not_applicable_standard_fixture","qetlab-bsd-2-clause-license-verified","source_reviewed_internal_2026_07_29","The pinned tree has no caller; this private d^4 CHSH-d coefficient-array constructor is not a public QETLAB capability.","no upstream documentation URL annotation found","19"
"helpers/dec_to_bin.m","946754377ccb8fe54fc3063b059524be8a9a85e8ed31d3c4590027da8f35d6d1","d8589610f00cff106537268dee2e2a1153f3a601","dec_to_bin","internal","function bin = dec_to_bin(dec)","dec","","","1","false","exactly_1_outputs","bin","Takes a decimal number and turns it to a vector representing the","http://www.qetlab.com/dec_to_bin","Robert Materi","","","","","","not_declared","","none_detected","","","deterministic_no_direct_or_transitive_rng_calls_detected","internal_helper","dec_to_bin","dec_to_bin(dec)","","internal_helper_superseded_by_parent_specific_iteration","indirect_parent_local_tests_pass_no_standalone_helper_test","parent_public_api_documented_helper_not_exposed","not_started","qetlab-bsd-2-clause-license-verified","source_reviewed_internal_2026_07_29","Upstream Tensor uses this only for copy-count exponentiation; tensor_power iterates directly and its native and compatibility tests pass.","","27"
"helpers/exp2ind.m","4a2a7136055de266572d4b5fb9e7ede12f99c9a02863f61ce0f9d0aab32779d4","d8589610f00cff106537268dee2e2a1153f3a601","exp2ind","internal","function ind = exp2ind(expnts)","expnts","","","1","false","exactly_1_outputs","ind","Looks up a monomial's lexicographical index based on a list of exponents","http://www.qetlab.com/exp2ind","Nathaniel Johnston (nathaniel@njohnston.ca)","","","symindfind","symindfind","","not_declared","","none_detected","","","deterministic_no_direct_or_transitive_rng_calls_detected","internal_helper","exp2ind","exp2ind(expnts)","","internal_helper_superseded_by_checked_qetlab_monomial_index","private-rank-order-exhaustive-and-parent-local-tests-pass_no-standalone-helper-export","parent-public-ordering-contract-documented_helper-not-exposed","not_applicable_private-combinatorial-helper","qetlab-bsd-2-clause-license-verified","source_reviewed_internal_2026_07_29","The checked private rank implementation supports the public fixed coefficient order; exhaustive small-order and parent identity tests pass, so no public helper is needed.","","27"
"helpers/fc2cg.m","7b1dd9f0ad9a84ed981380d59b5187599b9ba0d3af050f7962630a77045079aa","d8589610f00cff106537268dee2e2a1153f3a601","FC2CG","internal","function CG = FC2CG(FC,varargin)","FC;varargin","","","1","false","exactly_1_outputs","CG","takes a Bell functional or behaviour FC that is in","","","","","","","","not_declared","","none_detected","","","deterministic_no_direct_or_transitive_rng_calls_detected","internal_helper","fc2_cg","fc2_cg(fc)","","internal_helper_superseded_by_typed_parent_specific_canonical_nonlocal_representation","parent-binary-correlator-collins-gisin-canonicalization-and-round-trip-tests-pass-on-julia-1.10-and-1.12","parent-public-typed-representation-and-canonical-functional-conversion-documented_helper-not-exposed","covered-by-parent-quick-smoke-declaration","qetlab-bsd-2-clause-license-verified","source_reviewed_internal_terminal_2026_07_30","Completed Bell and NPA parents use typed behaviors plus parent-specific canonical BellFunctional conversion rather than public raw helper arrays.;The binary-output restriction, scenario dimensions, and round-trip convention are checked explicitly.","behavior depends on MATLAB input/output arity;MATLAB varargin/default semantics require manual review;no upstream documentation URL annotation found","39"
"helpers/fc2fp.m","00dba92e444e8a295140fac85b7236b7924687bc84e51fc5dd67ef69fd92b8a4","d8589610f00cff106537268dee2e2a1153f3a601","FC2FP","internal","function V = FC2FP(FC,varargin)","FC;varargin","","","1","false","exactly_1_outputs","V","takes a Bell functional or behaviour FC that is in","","Mateus Araújo","","","","","","not_declared","","none_detected","","","deterministic_no_direct_or_transitive_rng_calls_detected","internal_helper","fc2_fp","fc2_fp(fc)","","internal_helper_superseded_by_typed_parent_specific_canonical_nonlocal_representation","parent-binary-correlator-full-probability-canonicalization-and-round-trip-tests-pass-on-julia-1.10-and-1.12","parent-public-typed-representation-and-canonical-functional-conversion-documented_helper-not-exposed","covered-by-parent-quick-smoke-declaration","qetlab-bsd-2-clause-license-verified","source_reviewed_internal_terminal_2026_07_30","Full-probability shapes, normalization, and exact round trips are covered by parent tests.;The completed parent API validates binary-output full-correlator data and converts through typed canonical representations without exporting the raw MATLAB helper.","behavior depends on MATLAB input/output arity;MATLAB varargin/default semantics require manual review;no upstream documentation URL annotation found","47"
"helpers/ffl.m","9dc80cd28f7644ad540a3dd79db8c27b92a6ec5da21f050977cab45274590945","d8589610f00cff106537268dee2e2a1153f3a601","ffl","internal","function G = ffl()","","","","1","false","exactly_1_outputs","G","produces coefficients of the Fortnow-Feige-Lovász game","","","","","","","","not_declared","","none_detected","","","deterministic_no_direct_or_transitive_rng_calls_detected","internal_helper","ffl","ffl()","","intentionally_not_ported_unreferenced_upstream_private_helper","not_applicable_no_package_binding","inventory_disposition_only","not_applicable_standard_fixture","qetlab-bsd-2-clause-license-verified","source_reviewed_internal_2026_07_29","The pinned tree has no caller; this fixed Fortnow-Feige-Lovasz game fixture is not a public QETLAB capability.","no upstream documentation URL annotation found","21"
"helpers/fp2cg.m","e025f7d65cbc4c82ecce4060241e609dd79cbea7884704766f51b3baa62ba1eb","d8589610f00cff106537268dee2e2a1153f3a601","FP2CG","internal","function CG = FP2CG(V,varargin)","V;varargin","","","1","false","exactly_1_outputs","CG","takes a Bell functional or behaviour V that is in","","","","","","","","not_declared","","none_detected","","","deterministic_no_direct_or_transitive_rng_calls_detected","internal_helper","fp2_cg","fp2_cg(v)","","internal_helper_superseded_by_public_typed_bell_behavior_conversion","public-typed-full-probability-to-collins-gisin-boundary-round-trip-and-parent-functional-tests-pass-on-julia-1.10-and-1.12","public-typed-behavior-conversion-and-parent-functional-canonicalization-documented_helper-not-exposed","covered-by-parent-quick-smoke-declaration","qetlab-bsd-2-clause-license-verified","source_reviewed_internal_terminal_2026_07_30","The public collins_gisin_behavior conversion supersedes behavior conversion, while BellFunctional supplies the parent-specific functional canonicalization.;Typed behaviors validate probability, normalization, no-signalling, boundary, and scenario data before conversion.","behavior depends on MATLAB input/output arity;MATLAB varargin/default semantics require manual review;no upstream documentation URL annotation found","78"
"helpers/fp2fc.m","9072538690df49ad4dde033467e3d657fd9d22b7a394bd3d24fc679aa23f17a8","d8589610f00cff106537268dee2e2a1153f3a601","FP2FC","internal","function FC = FP2FC(V,varargin)","V;varargin","","","1","false","exactly_1_outputs","FC","takes a Bell functional or behaviour V that is in","","Mateus Araújo","","","","","","not_declared","","none_detected","","","deterministic_no_direct_or_transitive_rng_calls_detected","internal_helper","fp2_fc","fp2_fc(v)","","internal_helper_superseded_by_typed_parent_specific_canonical_nonlocal_representation","parent-full-probability-binary-correlator-canonicalization-and-round-trip-tests-pass-on-julia-1.10-and-1.12","parent-public-typed-representation-and-canonical-functional-conversion-documented_helper-not-exposed","covered-by-parent-quick-smoke-declaration","qetlab-bsd-2-clause-license-verified","source_reviewed_internal_terminal_2026_07_30","Scenario dimensions, normalization, storage limits, and round-trip conventions are covered by parent tests.;The completed parent API enforces the binary-output restriction and converts typed behavior/function data through a canonical BellFunctional representation.","behavior depends on MATLAB input/output arity;MATLAB varargin/default semantics require manual review;no upstream documentation URL annotation found","62"
"helpers/glob_ind.m","5f9a7ea3aeb393757cac45ab31362e8b2678ce0b0a5eb000ff9a21d4ba10d13f","d8589610f00cff106537268dee2e2a1153f3a601","glob_ind","internal","function gi = glob_ind(li,dim)","li;dim","","","1","false","exactly_1_outputs","gi","Creates a global index vector based on a local index vector","http://www.qetlab.com/glob_ind","Nathaniel Johnston (nathaniel@njohnston.ca)","","","","","","not_declared","","none_detected","","","deterministic_no_direct_or_transitive_rng_calls_detected","internal_helper","glob_ind","glob_ind(li, dim)","","internal_helper_superseded_with_intentional_index_convention_change","direct_mapping_and_parent_local_tests_pass","parent_index_convention_documented_helper_not_exposed","indirect_local_quick_smoke_recorded","qetlab-bsd-2-clause-license-verified","source_reviewed_internal_2026_07_29","basis_to_linear is directly tested but uses the documented first-subsystem-slowest convention.;The helper's first-local-index-fastest arithmetic is intentionally not exposed as a compatibility alias.","","23"
"helpers/has_band_k_ordering.m","d4b6b6be5793515b3b98f98ba585f04041e6e7875f22437a36b413f6308be8d7","d8589610f00cff106537268dee2e2a1153f3a601","has_band_k_ordering","internal","function [has_ordering, ordering] = has_band_k_ordering(A, k)","A;k","","","2","false","exactly_2_outputs","has_ordering;ordering","Determines whether a matrix has bandwidth ≤ k up to symmetric permutation","http://www.qetlab.com/has_band_k_ordering","Luis M. B. Varona (lm.varona@outlook.com)","","","","","","not_declared","","none_detected","","","deterministic_no_direct_or_transitive_rng_calls_detected","internal_helper","has_band_k_ordering","has_band_k_ordering(a, k)","","internal_helper_superseded_by_corrected_bounded_graph_bandwidth_search","parent-exhaustive-four-vertex-bruteforce-limit-counterexample-and-julia-1.10-tests-pass","dedicated-parent-helper-defect-and-corrected-index-convention-documented_not-public","indirect_local_quick_smoke_recorded","qetlab-bsd-2-clause-license-verified","source_reviewed_internal_terminal_2026_07_30","The pinned helper swaps candidate and num_placed in a recursive reversal-pruning call and returns false for a three-vertex path that has ordering [2,1,3].;The private Julia replacement is independently specified, bounded by max_band_search_nodes, verifies its returned ordering, and reports a structured limit rather than a false result.","","281"
"helpers/iden.m","1e00bcbe31691c85493a7193ebdcf55fb9da3f9672628bc38f8cbead002dee1e","d8589610f00cff106537268dee2e2a1153f3a601","iden","internal","function id = iden(dim,sp)","dim;sp","","","1","false","exactly_1_outputs","id","Computes a sparse or full identity matrix","http://www.qetlab.com/iden","Nathaniel Johnston (nathaniel@njohnston.ca)","","","","","","explicit","speye","none_detected","","","deterministic_no_direct_or_transitive_rng_calls_detected","internal_helper","iden","iden(dim, sp)","","internal_helper_superseded_by_julia_identity_constructors","indirect_parent_local_tests_pass_no_standalone_helper_test","inventory_disposition_only","not_applicable_standard_primitive","qetlab-bsd-2-clause-license-verified","source_reviewed_internal_2026_07_29","Julia code uses I, dense constructors, or sparse diagonal identities while preserving requested type and storage; no helper alias is appropriate.","","26"
"helpers/jacobi_poly.m","3001148f6fb136306a23a48ce6176b2b2ed65b278e4f1f998cb180486124d513","d8589610f00cff106537268dee2e2a1153f3a601","jacobi_poly","internal","function jp = jacobi_poly(a,b,n)","a;b;n","","","1","false","exactly_1_outputs","jp","Computes the coefficients of Jacobi polynomials","http://www.qetlab.com/jacobi_poly","Nathaniel Johnston (nathaniel@njohnston.ca)","","","","","","not_declared","","none_detected","","","deterministic_no_direct_or_transitive_rng_calls_detected","internal_helper","jacobi_poly","jacobi_poly(a, b, n)","","internal_helper_superseded_by_private_parent_algorithm","private_exact-coefficient_recurrence_root-boundary-and-three-source-free-octave-fixture-tests-pass_on-julia-1.12.6-and-1.10.11","private-supersession-and-inner-hierarchy-role-documented_helper-not-exported","not_applicable_private-linear-recurrence-covered-by-parent-model-smoke","qetlab-bsd-2-clause-license-verified","source_reviewed_internal_superseded_2026_07_30","A private descending-coefficient Jacobi recurrence and bounded Hermitian companion-root calculation supply the symmetric-inner-extension mixing parameter; no public compatibility alias is appropriate.;Exact coefficient tests and three source-free Octave fixtures cover the required orders and parameter choices. The helper remains private and is attributed through the parent function's file-level provenance.","","28"
"helpers/normalize_cols.m","9c1f28f57a263233e1f947a27e7ffde896a50e4c2b5294f7aff6795b68c2310d","d8589610f00cff106537268dee2e2a1153f3a601","normalize_cols","internal","function Y = normalize_cols(X)","X","","","1","false","exactly_1_outputs","Y","Scales the columns of a matrix to have norm 1","http://www.qetlab.com/normalize_cols","Nathaniel Johnston (nathaniel@njohnston.ca)","","","","","","not_declared","","none_detected","","","deterministic_no_direct_or_transitive_rng_calls_detected","internal_helper","normalize_cols","normalize_cols(x)","","internal_helper_superseded_by_parent_specific_construction_and_strict_normalization_validation","parent-local-discrimination-upb-and-sk-construction_normalization_zero-column_invalid-and-input-preservation-tests-pass-on-julia-1.10-and-1.12","parent-specific-normalization-and-no-silent-repair-contracts-documented_helper-not-exposed","not-applicable_private-linear-helper","qetlab-bsd-2-clause-license-verified","source_reviewed_internal_terminal_2026_07_30","Completed parent algorithms construct normalized vectors where required and validate caller-supplied normalization without a shared mutating column helper.;Zero vectors and tolerance boundaries have parent-specific failure semantics, avoiding the pinned helper's blind division by zero.","","18"
"helpers/one_factorization.m","7b042b3729b96dc4646c57adc24dcd5e4f59cf710520b0a6f98e7f3fd0c531ca","d8589610f00cff106537268dee2e2a1153f3a601","one_factorization","internal","function fac = one_factorization(n)","n","","","1","false","exactly_1_outputs","fac","Computes a 1-factorization of a list of objects","http://www.qetlab.com/one_factorization","Nathaniel Johnston (nathaniel@njohnston.ca)","","","","","","not_declared","","none_detected","","","deterministic_no_direct_or_transitive_rng_calls_detected","internal_helper","one_factorization","one_factorization(n)","","internal_helper_superseded_by_private_parent_algorithm","covered-by-upb-perfect-matching-and-complete-edge-coverage-tests","private-parent-contract-and-supersession-documented-in-upb-catalog","not_applicable_private-linear-output-helper","qetlab-bsd-2-clause-license-verified","manually_reviewed_internal_terminal_2026_07_30","Tests prove perfect matchings and exactly-once coverage of every unordered edge for 2, 4, 6, and 8 vertices, labelled-object preservation, and invalid odd/duplicate rejection.;The private helper corrects the pinned John2^4k reshape-order failure by assigning the final orthogonality graphs directly.;The public UPB catalog uses a private typed round-robin factorization over an even integer count or distinct labels; no standalone public helper is needed.","","41"
"helpers/opt_args.m","dbc55ac1a3dc9f275858bd769961a7768c660933504e6a12b513068b04393953","d8589610f00cff106537268dee2e2a1153f3a601","opt_args","internal","function varargout = opt_args(def_args,varargin)","def_args;varargin","","","0","true","at_least_0_fixed_outputs_plus_varargout","varargout","Handles optional input arguments for functions","http://www.qetlab.com/opt_args","Nathaniel Johnston (nathaniel@njohnston.ca)","","","","","","not_declared","","none_detected","","","deterministic_no_direct_or_transitive_rng_calls_detected","internal_helper","opt_args","opt_args(def_args)","","internal_helper_superseded_by_julia_methods_defaults_and_keywords","indirect_parent_local_tests_pass_no_standalone_helper_test","parent_public_api_documented_helper_not_exposed","not_applicable_standard_primitive","qetlab-bsd-2-clause-license-verified","source_reviewed_internal_2026_07_29","Reviewed Julia APIs express defaults through methods and keywords and validate invalid inputs directly; a MATLAB varargout helper is inappropriate.","MATLAB varargin/default semantics require manual review;output arity varies through MATLAB varargout","30"
"helpers/opt_disp.m","8b22b087e98fe49aa2e8b23d48035baad8799787f734e45561145c2ffc7f0b4a","d8589610f00cff106537268dee2e2a1153f3a601","opt_disp","internal","function opt_disp(X,verbose)","X;verbose","","","0","false","exactly_0_outputs","","Display a message to the user (sometimes)","http://www.qetlab.com/opt_disp","Nathaniel Johnston (nathaniel@njohnston.ca)","","","","","","not_declared","","none_detected","","","deterministic_no_direct_or_transitive_rng_calls_detected","internal_helper","opt_disp","opt_disp(x, verbose)","","internal_helper_superseded_by_structured_results_and_standard_io","indirect_parent_local_tests_pass_no_standalone_helper_test","parent_public_api_documented_helper_not_exposed","not_applicable_standard_primitive","qetlab-bsd-2-clause-license-verified","source_reviewed_internal_2026_07_29","Current certificate APIs return status and message evidence rather than conditionally printing; deferred ports should retain that design.","","26"
"helpers/pad_array.m","b5b31c37f87cb7c704e6dacc3e265d3ec003c5d476cf57e6dc252b6d98cdf028","d8589610f00cff106537268dee2e2a1153f3a601","pad_array","internal","function bin = pad_array(arr, pad_num, dir)","arr;pad_num;dir","","","1","false","exactly_1_outputs","bin","%  Pad_array.m","http://www.qetlab.com/pad_array","Robert Materi","","","","","","not_declared","","none_detected","","","deterministic_no_direct_or_transitive_rng_calls_detected","internal_helper","pad_array","pad_array(arr, pad_num, dir)","","internal_helper_superseded_by_julia_concatenation_and_fill","not_applicable_no_package_binding","inventory_disposition_only","not_applicable_standard_primitive","qetlab-bsd-2-clause-license-verified","source_reviewed_internal_2026_07_29","This helper replaces a MATLAB toolbox utility; ordinary Julia fill and concatenation cover the operation without a public API.","","40"
"helpers/perfect_matchings.m","82b8bb4e7017300b506ee1d41b3ab619577677a6dc825ed7130615476a175aa1","d8589610f00cff106537268dee2e2a1153f3a601","perfect_matchings","internal","function pm = perfect_matchings(n)","n","","","1","false","exactly_1_outputs","pm","Gives all perfect matchings of N objects","http://www.qetlab.com/perfect_matchings","Nathaniel Johnston (nathaniel@njohnston.ca)","","","","","","not_declared","","none_detected","","","deterministic_no_direct_or_transitive_rng_calls_detected","internal_helper","perfect_matchings","perfect_matchings(n)","","internal_helper_superseded_by_private_parent_algorithm","indirect_parent_local_tests_pass_no_standalone_helper_test","parent_public_api_documented_helper_not_exposed","not_started","qetlab-bsd-2-clause-license-verified","source_reviewed_internal_2026_07_29","A private exact matching enumerator supports brauer_states; count guards, properties, wrappers, and upstream fixtures pass.","","51"
"helpers/perm_inv.m","931da8ce67e5eab2b6c2f1414a537ddb6cd7e5fdfff30c3b81259fa00d7aec4f","d8589610f00cff106537268dee2e2a1153f3a601","perm_inv","internal","function res = perm_inv(perm)","perm","","","1","false","exactly_1_outputs","res","Computes the inverse of a permutation","http://www.qetlab.com/perm_inv","Nathaniel Johnston (nathaniel@njohnston.ca)","","","","","","not_declared","","none_detected","","","deterministic_no_direct_or_transitive_rng_calls_detected","internal_helper","perm_inv","perm_inv(perm)","","internal_helper_superseded_by_base_invperm","indirect_parent_local_tests_pass_no_standalone_helper_test","parent_public_api_documented_helper_not_exposed","not_started","qetlab-bsd-2-clause-license-verified","source_reviewed_internal_2026_07_29","Subsystem plans use Base.invperm and inverse-plan round trips are tested; no package helper or alias is needed.","","16"
"helpers/perm_sign.m","7acbd1b07c9c97d622ab370c186d672e6605ebf3086c57106cbdf6b921eab113","d8589610f00cff106537268dee2e2a1153f3a601","perm_sign","internal","function sgn = perm_sign(perm)","perm","","","1","false","exactly_1_outputs","sgn","Computes the sign of a permutation","http://www.qetlab.com/perm_sign","Nathaniel Johnston (nathaniel@njohnston.ca)","","","","","","explicit","speye","none_detected","","","deterministic_no_direct_or_transitive_rng_calls_detected","internal_helper","perm_sign","perm_sign(perm)","","internal_helper_superseded_by_private_parent_algorithm","indirect_parent_local_tests_pass_no_standalone_helper_test","parent_public_api_documented_helper_not_exposed","not_started","qetlab-bsd-2-clause-license-verified","source_reviewed_internal_2026_07_29","The Julia antisymmetric projector computes inversion parity privately; projector and basis properties plus the upstream fixture pass.","","23"
"helpers/poly_rand_input.m","3dcf8b78f17b45a17431f3ac8a34f326be7aa5e4351e20969e5225686fe7a2ff","d8589610f00cff106537268dee2e2a1153f3a601","poly_rand_input","internal","function px = poly_rand_input(p,n,si)","p;n;si","","","1","false","exactly_1_outputs","px","Evaluates a homogeneous polynomial on a random input from the unit sphere","http://www.qetlab.com/poly_rand_input","Nathaniel Johnston (nathaniel@njohnston.ca)","","","","","","not_declared","","none_detected","randn","","implicit_matlab_global_rng_direct:randn","internal_helper","poly_rand_input","poly_rand_input(p, n, si)","","internal_helper_superseded_by_explicit_rng_bounded_native_sampling","indirect-parent-explicit-rng-determinism-target-skip-and-budget-tests-pass","parent-public-rng-and-exact-sample-contract-documented_helper-not-exposed","parent-quick-smoke-case-added-pending-central-run","qetlab-bsd-2-clause-license-verified","source_reviewed_internal_2026_07_29","polynomial_bounds samples unit-sphere points directly from its mandatory rng::AbstractRNG under exact sample and deterministic work budgets; no public helper is needed.","implicit MATLAB global RNG; Julia API must accept an explicit rng","28"
"helpers/pure_to_mixed.m","7af5bd29cb102a072f8f3c02f23aa91a6c9ad9e6c688de2be21cc47f9a8de927","d8589610f00cff106537268dee2e2a1153f3a601","pure_to_mixed","internal","function rho = pure_to_mixed(phi)","phi","","","1","false","exactly_1_outputs","rho","Converts a state vector or density matrix representation of a state to a density matrix","http://www.qetlab.com/pure_to_mixed","Nathaniel Johnston (nathaniel@njohnston.ca)","","","","","","not_declared","","none_detected","","","deterministic_no_direct_or_transitive_rng_calls_detected","internal_helper","pure_to_mixed","pure_to_mixed(phi)","","internal_helper_superseded_by_function_specific_state_dispatch","indirect_parent_local_tests_pass_no_standalone_helper_test","parent_public_api_documented_helper_not_exposed","not_started","qetlab-bsd-2-clause-license-verified","source_reviewed_internal_2026_07_29","Measures and coherence APIs accept vectors and matrices directly and validate normalization, finiteness, positivity, and storage rather than returning unchecked matrices.","","29"
"helpers/sk_iterate.m","4417fb84a7b89397aad7d7bc6c2e858fb468385e0776a9739b0dedd27bbbf4a4","d8589610f00cff106537268dee2e2a1153f3a601","sk_iterate","internal","function [Sk,v] = sk_iterate(X,varargin)","X;varargin","DIM;TOL;V0;K","DIM=has both subsystems of equal dimension;TOL=10^-5;V0=is a randomly-chosen vector;K=1","2","false","exactly_2_outputs","Sk;v","Computes a lower bound of the S(k)-norm of an operator","http://www.qetlab.com/sk_iterate","Nathaniel Johnston (nathaniel@njohnston.ca)","iden;MaxEntangled;normalize_cols;opt_args;PermuteSystems;SchmidtDecomposition;SchmidtRank;sporth;Swap","","MaxEntangled;normalize_cols;opt_args;pad_array;SchmidtDecomposition;SchmidtRank;Swap","iden;MaxEntangled;normalize_cols;opt_args;pad_array;PermuteSystems;SchmidtDecomposition;SchmidtRank;sporth;Swap","","explicit","speye","none_detected","randn","","implicit_matlab_global_rng_direct:randn","internal_helper","sk_iterate","sk_iterate(x; dim=…, tol=…, v0=…, k=…)","","internal_helper_superseded_by_explicit_rng_bounded_sk_projected_search","parent-explicit-rng-reproducibility-no-global-mutation_restart-iteration-work-limit-and-julia-1.10-tests-pass","parent-sk-norm-guide-documents-explicit-rng-bounded-search_helper-not-public","indirect_parent_local_quick_bounded-smoke-recorded","qetlab-bsd-2-clause-license-verified","source_reviewed_internal_terminal_2026_07_30","No standalone compatibility alias is exported; the parent SkOperatorNorm and IsBlockPositive APIs retain all search accounting and inconclusive semantics.;The private Julia projected search requires an explicit RNG, deterministic restart and iteration counts, checked work budgets, and returns only validated lower-witness evidence.","implicit MATLAB global RNG; Julia API must accept an explicit rng;MATLAB varargin/default semantics require manual review","145"
"helpers/spnull.m","c929435742fde557f72ab61033ecbe493d0f5d5ecf0e8d7f930489b78175dbe1","d8589610f00cff106537268dee2e2a1153f3a601","spnull","internal","function Z = spnull(S, varargin)","S;varargin","","","1","false","exactly_1_outputs","Z","returns a sparse orthonormal basis for the null space of S, that is,","","","","","","","","explicit","issparse","explicit_full_call","","","deterministic_no_direct_or_transitive_rng_calls_detected","internal_helper","spnull","spnull(s)","","internal_helper_superseded_by_commutant_specific_bounded_dense_svd","indirect_commutant_nullspace_residual_orthonormality_sparse-policy_and-budget-tests-pass","parent_public_api_documented_helper_not_exposed_and_separate_attribution_preserved","indirect_parent_local_quick_smoke_recorded","qetlab-bsd-2-clause-license-verified","source_reviewed_internal_2026_07_29","No standalone spnull API is exported; commutant uses a caller-specific bounded dense SVD with explicit sparse-to-dense permission.;The source header and PROVENANCE entry preserve Bruno Luong's separate BSD-2-Clause attribution for the bundled helper.","calls full(...); densification conditions and size limits require review;MATLAB varargin/default semantics require manual review;no upstream documentation URL annotation found","43"
"helpers/sporth.m","ff592703d6f06ced3fdaee13677ad4a0b3743720dacd98fbe65f4de29e1ac3cd","d8589610f00cff106537268dee2e2a1153f3a601","sporth","internal","function [Q r] = sporth(S,varargin)","S;varargin","","","2","false","exactly_2_outputs","Q;r","returns an (sparse) orthonormal basis for the range of S.","","","","","","","","explicit","issparse","explicit_full_call","","","deterministic_no_direct_or_transitive_rng_calls_detected","internal_helper","sporth","sporth(s)","","internal_helper_superseded_by_caller_specific_factorizations","indirect_parent_local_tests_pass_no_standalone_helper_test","parent_public_api_documented_helper_not_exposed","indirect_local_quick_smoke_recorded","qetlab-bsd-2-clause-license-verified","source_reviewed_internal_2026_07_29","Preserve the separate Bruno Luong attribution if any source-derived implementation is later ported.;Reviewed paths use caller-specific QR, SVD, or rank logic with explicit tolerances rather than a standalone sparse orthogonalizer.","behavior depends on MATLAB input/output arity;calls full(...); densification conditions and size limits require review;MATLAB varargin/default semantics require manual review;no upstream documentation URL annotation found","56"
"helpers/sum_vector.m","69ff6b375f44744ccec99cbc5a824c68f8f2a03779ebbbbba23ed7d2cf95f85d","d8589610f00cff106537268dee2e2a1153f3a601","sum_vector","internal","function slist = sum_vector(sm,p)","sm;p","","","1","false","exactly_1_outputs","slist","Creates all non-negative integer vectors with a given sum","http://www.qetlab.com/sum_vector","Nathaniel Johnston (nathaniel@njohnston.ca)","","","","","","not_declared","","none_detected","","","deterministic_no_direct_or_transitive_rng_calls_detected","internal_helper","sum_vector","sum_vector(sm, p)","","internal_helper_superseded_by_public_checked_monomial_exponents","public-order-count-exhaustive-and-parent-local-tests-pass_no-standalone-helper-export","public-monomial-ordering-contract-documented_helper-not-exposed","not_applicable_private-enumerator","qetlab-bsd-2-clause-license-verified","source_reviewed_internal_2026_07_29","The public guarded monomial_exponents enumerator now supplies the required weak compositions in the fixed QETLAB order; no separate helper is exposed.","","28"
"helpers/superoperator_dims.m","0381b2e2eab4156ea5895744375f62c25c0db46b9e764f276f14e59b11858b12","d8589610f00cff106537268dee2e2a1153f3a601","superoperator_dims","internal","function [da,db,de] = superoperator_dims(Phi,varargin)","Phi;varargin","ALLOW_RECT;DIM","ALLOW_RECT=1;DIM=[da'","3","false","exactly_3_outputs","da;db;de","Computes the input, output, and environment dimensions of a superoperator","http://www.qetlab.com/superoperator_dims","Nathaniel Johnston (nathaniel@njohnston.ca)","opt_args;sporth","","opt_args;sporth","opt_args;sporth","","not_declared","","none_detected","","","deterministic_no_direct_or_transitive_rng_calls_detected","internal_helper","superoperator_dims","superoperator_dims(phi; allow_rect=…, dim=…)","","internal_helper_superseded_by_typed_operator_space_dimensions","covered_by-general-rectangular_two-sided-operator-sum_choi-superoperator-dual-kraus-complement-and-induced-schatten-tests_on-julia-1.12-and-1.10","typed-operator-space_dimension-and-representation-contracts-documented_in-general-maps-and-native-channel-guides_helper-not-exposed","covered_by-parent-general-map-and-induced-schatten_quick-smoke-cases","qetlab-bsd-2-clause-license-verified","source_reviewed_internal_2026_07_29","General-map, dual, application, partial-map, Kraus/complement, and induced-Schatten suites cover the parent call paths on Julia 1.12 and 1.10, so no public helper compatibility binding is required.;OperatorSpaceDimensions and the typed Choi, superoperator, Kraus, and two-sided OperatorSum representations validate general rectangular input/output row and column spaces without exposing the pinned inference helper.","MATLAB varargin/default semantics require manual review","121"
"helpers/symind.m","865c0432cef1b348e338c242108e4dd6ed167201e71f3b2a41b7b4a70b57a89b","d8589610f00cff106537268dee2e2a1153f3a601","symind","internal","function si = symind(d,v)","d;v","","","1","false","exactly_1_outputs","si","Creates all possible non-decreasing integer vectors","http://www.qetlab.com/symind","Nathaniel Johnston (nathaniel@njohnston.ca)","","","","","","not_declared","","none_detected","","","deterministic_no_direct_or_transitive_rng_calls_detected","internal_helper","symind","symind(d, v)","","internal_helper_superseded_by_public_checked_monomial_exponents","public-order-count-exhaustive-and-parent-local-tests-pass_no-standalone-helper-export","public-monomial-ordering-contract-documented_helper-not-exposed","not_applicable_private-enumerator","qetlab-bsd-2-clause-license-verified","source_reviewed_internal_2026_07_29","monomial_exponents provides the materialized guarded ordering needed by all three polynomial rows; no public compatibility helper is needed.","","30"
"helpers/symindfind.m","6583f31a148fe7bd5c66309940049dbaf919467a36a3c1004fe5113b706e158e","d8589610f00cff106537268dee2e2a1153f3a601","symindfind","internal","function ind = symindfind(sv,n)","sv;n","","","1","false","exactly_1_outputs","ind","Finds the location of a vector in symind","http://www.qetlab.com/symindfind","Nathaniel Johnston (nathaniel@njohnston.ca)","","","","","","not_declared","","none_detected","","","deterministic_no_direct_or_transitive_rng_calls_detected","internal_helper","symindfind","symindfind(sv, n)","","internal_helper_superseded_by_checked_qetlab_monomial_index","private-rank-order-exhaustive-and-parent-local-tests-pass_no-standalone-helper-export","parent-public-ordering-contract-documented_helper-not-exposed","not_applicable_private-combinatorial-helper","qetlab-bsd-2-clause-license-verified","source_reviewed_internal_2026_07_29","The checked private monomial-rank implementation is exhaustively tested against the public exponent order and used by polynomial matrix construction; no public helper is needed.","","23"
"helpers/update_odometer.m","7dafca72b3b505b29cc956c12f9957bbde04c683a295089be73c2176f169cff8","d8589610f00cff106537268dee2e2a1153f3a601","update_odometer","internal","function new_ind = update_odometer(old_ind,upper_lim)","old_ind;upper_lim","","","1","false","exactly_1_outputs","new_ind","Increases a vector subject to limits on how large each entry can be","http://www.qetlab.com/update_odometer","Nathaniel Johnston (nathaniel@njohnston.ca)","","","","","","not_declared","","none_detected","","","deterministic_no_direct_or_transitive_rng_calls_detected","internal_helper","update_odometer","update_odometer(old_ind, upper_lim)","","internal_helper_superseded_by_parent_specific_iteration","all-parent-pauli_parallel-repetition-and-nonlocal-multidimensional-iteration_paths-and-resource-tests-pass-on-julia-1.10-and-1.12","parent-specific-iteration-order-and-resource-contracts-documented_helper-not-exposed","covered-by-parent-quick-smoke-declarations","qetlab-bsd-2-clause-license-verified","source_reviewed_internal_terminal_2026_07_30","No shared mutable odometer state or public compatibility helper is required.;Pauli channels, parallel repetition, and BCS/nonlocal conversions now use typed parent-specific Cartesian or digit iteration with checked dimensions and work limits.","","48"
"helpers/vec_partitions.m","13b0fb1f8e468a4f8e041a4610c870632e8e293f40bdf805358c8e88137836ce","d8589610f00cff106537268dee2e2a1153f3a601","vec_partitions","internal","function pt = vec_partitions(v,p,varargin)","v;p;varargin","SZ","SZ=[1,1,...,1]","1","false","exactly_1_outputs","pt","Produces all possible partitions of a vector","http://www.qetlab.com/vec_partitions","Nathaniel Johnston (nathaniel@njohnston.ca)","opt_args","","opt_args","opt_args","","not_declared","","none_detected","","","deterministic_no_direct_or_transitive_rng_calls_detected","internal_helper","vec_partitions","vec_partitions(v, p; sz=…)","","internal_helper_superseded_by_private_parent_algorithm","covered_by-146-focused-is_upb-partition-count_witness_resource-and-limit-tests-plus-ten-case-pinned-octave-fixture","private-lazy-parent-algorithm-and-combinatorial-contract-documented-in-is-upb-guide","covered_by_parent_is-upb_quick-smoke-case","qetlab-bsd-2-clause-license-verified","manually_reviewed_internal_wp2_disposition","The materializing recursive helper is not exposed. IsUPB uses a typed private lazy ordered-partition traversal with feasibility pruning and explicit state, partition, work, and dense-allocation bounds.;The solver-backed UPBSepDistinguishable row must retain and validate its own parent-specific partition/optimization contract; it does not require a public or shared vec_partitions compatibility helper.","MATLAB varargin/default semantics require manual review","40"
"HorodeckiState.m","b5df94d4da048ab600c96083f47f3278cff83abed9e163e13f420b4ff6b40cf2","d8589610f00cff106537268dee2e2a1153f3a601","HorodeckiState","public","function horo_state = HorodeckiState( a, varargin )","a;varargin","DIM","DIM=is [3,3], but can be either [3,3] or [2,4]","1","false","exactly_1_outputs","horo_state","Produces a Horodecki state","http://www.qetlab.com/HorodeckiState","Vincent Russo (vrusso@uwaterloo.ca) Nathaniel Johnston (nathaniel@njohnston.ca)","opt_args","","opt_args","opt_args","","not_declared","","none_detected","","","deterministic_no_direct_or_transitive_rng_calls_detected","quantum_states","horodecki_state","horodecki_state(a; dims=(3, 3))","HorodeckiState","verified","local_psd_ppt_trace_wrapper_and_two_octave_fixture_tests_pass_matlab_not_run","api_docstring_focused_page_and_migration_mapping_present","not_started","qetlab-bsd-2-clause-license-verified","manually_reviewed_tier_b_mapping","Both supported local-dimension choices, (3,3) and (2,4), have separate fixtures.;Function-specific Octave/QETLAB evidence is supplemental and MATLAB was not run.","MATLAB varargin/default semantics require manual review","80"
"InducedMatrixNorm.m","4e62cc3193e928a258d35b44105d11d7fbf3726cda421f067725bfed2c1e6629","d8589610f00cff106537268dee2e2a1153f3a601","InducedMatrixNorm","public","function [nrm,v] = InducedMatrixNorm(X,p,varargin)","X;p;varargin","RUNNING;ALGORITHM;Q;TOL;V0","RUNNING=sqrt(eps);ALGORITHM=is randomly-generated;Q=p;TOL=10^-8;V0=-1 (randomly-generated v0)","2","false","exactly_2_outputs","nrm;v","Computes a lower bound of the induced p->q norm of a matrix","http://www.qetlab.com/InducedMatrixNorm","Nathaniel Johnston (nathaniel@njohnston.ca)","opt_args","","opt_args","opt_args","","not_declared","","none_detected","randn","","implicit_matlab_global_rng_direct:randn","linear_algebra_and_matrix_analysis","induced_matrix_norm","induced_matrix_norm(rng::AbstractRNG, matrix, p; q=p, tolerance=nothing, initial_vector=nothing, max_iterations=1000, max_work=1000000000, allow_densify=false)","InducedMatrixNorm","verified","local_135-formula-witness-residual-budget-rng-global-stream_float32-complex-sparse-wrapper-invalid-tests-pass_on-julia-1.10-and-1.12_fixed-start-live-octave-branch-agrees_matlab-not-run","complete_exact-versus-lower-bound_result_rng_budget_sparse-and-compatibility-contracts-documented","local_quick_smoke_recorded","qetlab-bsd-2-clause-license-verified","manually_reviewed_wp2-complete-numeric-mapping","A fixed-start p=3 to q=2 live Octave 11.3.0 check reproduces lower bound 3.207347868940717 and its two-entry witness to displayed precision; MATLAB was not run.;A mandatory explicit RNG replaces global randn. Exact branches and supplied-start calls do not consume it, and tested randomized calls leave Julia's global stream unchanged.;Deterministic iteration and work budgets replace the pinned unbounded while loop. Result status, right witness, input/output norms, residuals, iteration count, and work accounting remain available at either limit.;General alternating matrix-vector products and the exact row/column-sum branches preserve sparse storage; sparse 2-to-2 SVD requires explicit allow_densify=true. Float32, Float64, ComplexF32, and ComplexF64 are retained without conversion.;The compatibility wrapper preserves positional P, Q, TOL, and V0 handling plus the case-insensitive fro alias, while requiring a leading RNG and rejecting malformed V0 instead of silently switching starts.;The maximum absolute column sum, largest singular value, and maximum absolute row sum branches are exact. Every other pinned alternating branch remains explicitly a witnessed lower bound even when its objective-change residual converges.","implicit MATLAB global RNG; Julia API must accept an explicit rng;MATLAB varargin/default semantics require manual review","123"
"InducedSchattenNorm.m","e0a2f6a51a24048b0ce19f4db442af06141161d4355c1bc134e8d486d8e6f4d4","d8589610f00cff106537268dee2e2a1153f3a601","InducedSchattenNorm","public","function [nrm,X] = InducedSchattenNorm(Phi,p,varargin)","Phi;p;varargin","RUNNING;ALGORITHM;Q;TOL;X0","RUNNING=sqrt(eps);ALGORITHM=is randomly-generated;Q=p;TOL=10^-8;X0=-1 (randomly-generated X0)","2","false","exactly_2_outputs","nrm;X","Computes a lower bound of the induced Schatten p->q norm of a superoperator","http://www.qetlab.com/InducedSchattenNorm","Nathaniel Johnston (nathaniel@njohnston.ca)","ApplyMap;ChoiMatrix;KrausOperators;opt_args;Realignment;SchattenNorm;superoperator_dims","","ApplyMap;ChoiMatrix;DualMap;KrausOperators;opt_args;Realignment;SchattenNorm;superoperator_dims","ApplyMap;ChoiMatrix;DualMap;KrausOperators;opt_args;Realignment;SchattenNorm;superoperator_dims","","not_declared","","none_detected","randn","","implicit_matlab_global_rng_direct:randn","quantum_channels_and_maps","induced_schatten_lower_bound","induced_schatten_lower_bound(rng::AbstractRNG, map, p; q=p, initial_matrix=nothing, tolerance=nothing, max_iterations=1000, max_work=1000000000, max_dense_entries=1000000, allow_densify=false)","InducedSchattenNorm","verified","local_105-exact-formula-witness-residual-history-budget-rng-global-rng-isolation-float32-complex-sparse-wrapper-invalid-tests-pass_on-julia-1.12-and-1.10_plus-24-seeded-pinned-octave-fixture-assertions_matlab-not-run","complete_exact-versus-lower-bound-result-rng-zero-gradient-budget-densification-and-compatibility-contracts-documented","local_quick_smoke_recorded","qetlab-bsd-2-clause-license-verified","manually_reviewed_wp2-complete-numeric-mapping","A mandatory explicit RNG replaces global randn; exact and supplied-start calls consume no draws. Deterministic iteration, work, and dense-entry limits replace the pinned unbounded loop.;All package map representations between square matrix algebras are accepted, including general two-sided maps. Numeric Choi and Kraus/factor-cell forms are supported by the compatibility wrapper with validated DIM.;Analytic identity/scaling/rectangular-transfer formulas, representation parity, endpoint orders, fixed/random starts, deterministic RNG, limits, sparse policy, invalid inputs, and compatibility parsing pass locally. A source-free seeded Octave 11.3 fixture from the pinned revision adds 24 assertions for identity, diagonal, and amplitude-damping map values/witnesses; MATLAB was not run.;Float32, Float64, ComplexF32, and ComplexF64 map precision is retained. Dense SVD conversion of sparse matrices is explicit and guarded; no map, input, or returned evidence is silently symmetrized, clipped, or repaired.;The Frobenius-to-Frobenius branch is exact through the largest singular value of the project transfer matrix. Every other pinned branch is explicitly a witnessed lower bound, including objective-change convergence.;The pinned implementation forwards DIM, TOL, and X0 into helpers that accept only DIM, making its documented TOL/X0 calls unreachable. The native and compatibility APIs intentionally restore that documented capability with validated tolerance and initial-matrix inputs.;The result retains the matrix witness, input and output norms, normalization and value residuals, objective history, iteration residual, work accounting, and termination status. A zero output or dual gradient is stationary/inconclusive rather than an exact zero claim.","implicit MATLAB global RNG; Julia API must accept an explicit rng;MATLAB varargin/default semantics require manual review","127"
"InSeparableBall.m","eb12586a5795ec2a9cf9e3674aa4b677ebc444bb07cf3b39b09ed5d29e2f01ae","d8589610f00cff106537268dee2e2a1153f3a601","InSeparableBall","public","function isb = InSeparableBall(X)","X","","","1","false","exactly_1_outputs","isb","Checks whether or not an operator is in the ball of separability centered at the maximally-mixed state","http://www.qetlab.com/InSeparableBall","Nathaniel Johnston (nathaniel@njohnston.ca)","","","","","","explicit","sparse;speye","none_detected","","","deterministic_no_direct_or_transitive_rng_calls_detected","entanglement","in_separable_ball","in_separable_ball(rho_or_eigenvalues, dims; atol=nothing, rtol=nothing, allow_densify=false)","InSeparableBall","verified","local_certificate_outside_boundary_unknown_diagonal_eigenvalue_sparse_invalid_normalizing_wrapper_and_octave_fixture_tests_pass_matlab_not_run","api_docstring_focused_page_migration_and_sufficient_certificate_semantics_present","not_started","qetlab-bsd-2-clause-license-verified","manually_reviewed_tier_e_mapping_with_structured_certificate","General matrices use dense spectral validation, while Diagonal matrices and supplied eigenvalues have structure-aware paths; local and supplemental Octave/QETLAB fixture tests pass, MATLAB was not run.;The native API requires normalized input and returns SeparableBallResult distinguishing a sufficient separability certificate, outside-ball failure, and numerical unknown.;The wrapper retains positive-trace normalization after finite positive-semidefinite validation; neither API turns a failed sufficient test into an entanglement conclusion.","","45"
"IsAbskIncoh.m","6bf68ba8b87e441dd6b2ab2b718f621e2fa6a8a67a92f016b3629266496658ef","d8589610f00cff106537268dee2e2a1153f3a601","IsAbskIncoh","public","function iaki = IsAbskIncoh(X, k)","X;k","","","1","false","exactly_1_outputs","iaki","Determines whether or not a quantum state is absolutely k-incoherent","http://www.qetlab.com/IsAbskIncoh","Benjamin Talbot, with code from Nathaniel Johnston (nathaniel@njohnston.ca)","CVX","","IsPSD","IsPSD","CVX","not_declared","","none_detected","","","deterministic_no_direct_or_transitive_rng_calls_detected","quantum_coherence","is_absolutely_k_incoherent","is_absolutely_k_incoherent(state, k; backend=NoOptimizationBackend(), strategy=:auto, atol=nothing, rtol=nothing, limits=OptimizationLimits(), allow_densify=false)","IsAbskIncoh","verified","local-386-shared-core-compatibility-plus-88-hypatia-scs-and-51-source-free-oracle-assertions-pass-on-julia-1.10-and-1.12_matlab-not-run","native-and-compatibility-docstrings_dedicated-spectral-theorem-sdp-boundary-and-migration-page-present","local_quick_smoke_recorded","qetlab-bsd-2-clause-license-verified","source_reviewed_and_implemented_2026_07_30","State validation precedes every branch and eigenvalue equality is order-independent and tolerance-aware.;The k=n-1 theorem uses a package-owned real PSD feasibility model and optional Hypatia/SCS backend without collapsing status to Boolean.;Validated spectral theorem branches distinguish sufficient, necessary-and-sufficient, violated, boundary, and unknown outcomes.","CVX solver status and failure semantics require an explicit Julia design","152"
"IsAbsPPT.m","f6272ff80fa53789ea92485f32b9155bf55327670d8e24c58f51f59f1286a5d2","d8589610f00cff106537268dee2e2a1153f3a601","IsAbsPPT","public","function iappt = IsAbsPPT(rho,varargin)","rho;varargin","DIM","DIM=has both subsystems of equal dimension","1","false","exactly_1_outputs","iappt","Determines whether or not a density matrix is absolutely PPT","http://www.qetlab.com/IsAbsPPT","Nathaniel Johnston (nathaniel@njohnston.ca)","AbsPPTConstraints;InSeparableBall;IsPSD;opt_args;perm_inv","","AbsPPTConstraints;InSeparableBall;IsPSD;opt_args","AbsPPTConstraints;InSeparableBall;IsPSD;opt_args;perm_inv","CVX","not_declared","","explicit_full_call","","","deterministic_no_direct_or_transitive_rng_calls_detected","entanglement","is_abs_ppt","is_abs_ppt(rho; dims=nothing, use_sufficient_tests=true, max_constraints=2612, max_work=500000000, max_entries=1000000, max_realization_iterations=10000, backend=NoOptimizationBackend(), optimization_limits=OptimizationLimits(), sparse_output=false, atol=nothing, rtol=nothing, allow_densify=false)","IsAbsPPT","verified","local-197-native-and-24-compatibility-assertions_23-hypatia-scs-extension-assertions_and-28-integrated-source-free-pinned-octave-fixture-assertions-pass-on-julia-1.12.6-and-1.10.11","native-and-compatibility-docstrings_absolute-ppt-guide_api-reference_migration-and-oracle-contract-present","local_quick-smoke-case-present","qetlab-bsd-2-clause-license-verified","manually_reviewed_wp3_mapping","A negative LMI is paired with an exact rational log-gap realization certificate. Optional Hypatia and SCS points are retained but cannot become mathematical evidence until exact independent re-verification passes.;MATLABCompat.IsAbsPPT preserves pinned default/scalar rectangular dimension inference and maps certified yes, certified no, and inconclusive to 1, 0, and -1. Focused current/Julia-1.10, two-solver extension, and pinned-Octave fixture tests pass; MATLAB was not run.;Passing a capped family and every numerical boundary remain unknown. Inputs are not normalized, clipped, symmetrized, or silently densified.;The native result separates analytic and sufficient certificates, exhaustive LMI passes, robust realized-order violations, capped work, floating boundaries, unavailable backends, and backend failures; only certified branches carry Bool verdicts.","calls full(...); densification conditions and size limits require review;CVX solver status and failure semantics require an explicit Julia design;MATLAB varargin/default semantics require manual review","116"
"IsBlockPositive.m","cfb38c34eacb699e8eb5760f1d1e6257c4f0b4a574f3713f0c3d6a2472d575a1","d8589610f00cff106537268dee2e2a1153f3a601","IsBlockPositive","public","function [ibp,wit] = IsBlockPositive(X,varargin)","X;varargin","K;DIM;STR;TOL","K=1;DIM=has both subsystems of equal dimension;STR=2;TOL=eps^(3/8)","2","false","exactly_2_outputs","ibp;wit","Determines whether or not an operator is block positive","http://www.qetlab.com/IsBlockPositive","Nathaniel Johnston (nathaniel@njohnston.ca)","CVX;iden;IsPSD;kpNorm;MaxEntangled;normalize_cols;opt_args;PartialMap;PartialTrace;PartialTranspose;PermuteSystems;Realignment;SchmidtDecomposition;SchmidtRank;sk_iterate;SkOperatorNorm;SkVectorNorm;sporth;Swap","","IsPSD;opt_args;SkOperatorNorm","iden;IsPSD;kpNorm;MaxEntangled;normalize_cols;opt_args;PartialMap;PartialTrace;PartialTranspose;PermuteSystems;Realignment;SchmidtDecomposition;SchmidtRank;sk_iterate;SkOperatorNorm;SkVectorNorm;sporth;Swap","CVX","explicit","speye","explicit_full_call","","sk_iterate;SkOperatorNorm","implicit_matlab_global_rng_transitive_via:sk_iterate,SkOperatorNorm","entanglement","is_block_positive","is_block_positive(rng, operator; k=1, dims=nothing, strength=2, backend=NoOptimizationBackend(), limits=OptimizationLimits(), kwargs...) -> BlockPositivityResult","IsBlockPositive","verified","local-148-core-compatibility-64-hypatia-scs-and-26-source-free-octave-oracle-assertions-pass-on-julia-1.10-and-1.12_matlab-not-run","native-docstring_sk-block-positivity-guide_api-reference_migration-and-tri-state-certificate-contracts-present","local_quick_positive-and-negative-certificate-smokes-recorded","qetlab-bsd-2-clause-license-verified","source_reviewed_2026_07_29","A mandatory explicit RNG and deterministic restart/iteration/work limits replace transitive global randomness, and no input is symmetrized, normalized, clipped, projected, or silently densified.;The native result separates exact or checked positive/negative certificates from overlapping S(k) bounds, tolerance boundaries, resource limits, and backend failures; inconclusive outcomes retain verdict=nothing.","calls full(...); densification conditions and size limits require review;CVX solver status and failure semantics require an explicit Julia design;MATLAB varargin/default semantics require manual review;transitively uses implicit MATLAB global RNG via sk_iterate, SkOperatorNorm","97"
"IsCopositive.m","6637ea6c9d4e2f7647520087cb16b2608d5e32587bc3f87e62340ca102a93d22","d8589610f00cff106537268dee2e2a1153f3a601","IsCopositive","public","function icp = IsCopositive(C,varargin)","C;varargin","K;MODE","K=0;MODE='sos'","1","false","exactly_1_outputs","icp","Determines whether or not a matrix is copositive","http://www.qetlab.com/IsCopositive","Nathaniel Johnston (nathaniel@njohnston.ca)","","","CopositivePolynomial;opt_args;PolynomialOptimize;PolynomialSOS","CopositivePolynomial;opt_args;PolynomialOptimize;PolynomialSOS","","not_declared","","none_detected","","PolynomialOptimize;PolynomialSOS","implicit_matlab_global_rng_transitive_via:PolynomialOptimize,PolynomialSOS","polynomial_optimization","copositivity_criterion","copositivity_criterion(rng::AbstractRNG, matrix; hierarchy=:sos, backend=NoOptimizationBackend(), level=0, inner_samples=0, atol=nothing, rtol=nothing, limits=OptimizationLimits(), kwargs...) -> CopositivityResult","IsCopositive","verified","local-183-native-21-compatibility-60-hypatia-scs-and-80-source-free-octave-oracle-assertions-pass-on-julia-1.10-and-1.12_matlab-and-cvx-not-run","native-and-compatibility-docstrings_copositivity-clique-guide_api-reference_migration_and-tristate-bound-certificate-contracts-present","local_quick_exact-positive-and-negative-smokes-recorded","qetlab-bsd-2-clause-license-verified","source_reviewed_and_completed_wp8_2026_07_30","Exact coordinate, pair, uniform, entrywise, and PSD branches run before polynomial construction. Witness coordinates are owned read-only Rational{BigInt} data, and validated result constructors prevent contradictory public certificate states.;Only exact entrywise or PSD sufficient certificates and exact rational negative witnesses produce Boolean verdicts. Floating hierarchy evidence, tolerance boundaries, unavailable or failed backends, and limits remain unknown.;The mandatory RNG and exact sample count replace upstream global, wall-clock-dependent sampling; invalid hierarchy modes are rejected rather than silently selecting a different algorithm.","MATLAB varargin/default semantics require manual review;transitively uses implicit MATLAB global RNG via PolynomialOptimize, PolynomialSOS","52"
"IsCP.m","138e441246050f0cf98e4ca68655b2c808ba9ff565c8dec79158f3f0aa153cd5","d8589610f00cff106537268dee2e2a1153f3a601","IsCP","public","function cp = IsCP(Phi,varargin)","Phi;varargin","TOL","TOL=eps^(3/4)","1","false","exactly_1_outputs","cp","Determines whether or not a superoperator is completely positive","http://www.qetlab.com/IsCP","Nathaniel Johnston (nathaniel@njohnston.ca)","ApplyMap;ChoiMatrix;iden;IsHermPreserving;IsPSD;MaxEntangled;opt_args;PermuteSystems;sporth;superoperator_dims","","ChoiMatrix;IsHermPreserving;IsPSD","ApplyMap;ChoiMatrix;iden;IsHermPreserving;IsPSD;MaxEntangled;opt_args;PermuteSystems;sporth;superoperator_dims","","not_declared","","none_detected","","","deterministic_no_direct_or_transitive_rng_calls_detected","quantum_channels_and_maps","is_completely_positive","is_completely_positive(map::AbstractMapRepresentation; atol=nothing, rtol=nothing, allow_densify=false)","IsCP","verified","local_cp_violated_unknown_exact-generic-sparse_rectangular-applicability_invalid-and-compatibility-tests-pass_matlab-not-run","complete_native-compatibility-docstrings_general-map-guide_conventions_and-migration-contract-present","local_complete-positivity-diagnostic-quick-smoke-case-present","qetlab-bsd-2-clause-license-verified","manually_reviewed_wp1_mapping","Local CP, robust violation, Hermiticity and eigenvalue boundaries, exact rational, BigFloat, sparse policy, non-applicable rectangular, invalid-tolerance, wrapper, and Julia 1.10 tests pass; MATLAB/QETLAB differential execution was not run.;MATLABCompat.IsCP accepts raw Choi, one-column Kraus, and paired-factor input with QETLAB's scalar absolute tolerance. Exact integer/rational data are decided exactly, while sparse spectral work requires explicit bounded densification.;The native and compatibility diagnostics inspect the unmodified Choi matrix and return structured satisfied, violated, or unknown results; a nonzero Hermiticity or PSD defect inside tolerance is never promoted to complete positivity.","MATLAB varargin/default semantics require manual review","33"
"IsEntanglingGate.m","1c579f2fd7d5967ca91c82c7a3ffca632f64e56d9bbf26ddbcccb548d0e8da1a","d8589610f00cff106537268dee2e2a1153f3a601","IsEntanglingGate","public","function [eg,wit] = IsEntanglingGate(U,varargin)","U;varargin","DIM;K","DIM=has two subsystems of equal size;K=0","2","false","exactly_2_outputs","eg;wit","Determines if a unitary is an entangling gate","http://www.qetlab.com/IsEntanglingGate","Nathaniel Johnston (nathaniel@njohnston.ca)","IsProductOperator;IsProductVector;opt_args;perm_inv;PermuteSystems;SchmidtDecomposition","","IsProductOperator;IsProductVector;opt_args;perm_inv;PermuteSystems","IsProductOperator;IsProductVector;opt_args;perm_inv;PermuteSystems;SchmidtDecomposition","","explicit","speye","none_detected","","","deterministic_no_direct_or_transitive_rng_calls_detected","entanglement","is_entangling_gate","is_entangling_gate(gate, dims=nothing; atol=nothing, rtol=nothing, allow_densify=false, max_permutations=40320, max_witnesses=1000000, max_work=100000000)","IsEntanglingGate","verified","local-nonentangling-reconstruction_entangling-witness_controlled-phase-correction_rectangular-layout_sparse-type-boundary-budget-invalid-and-julia-1.10-tests-plus-six-case-pinned-octave-fixture-pass_matlab-not-run","native-and-compatibility-docstrings_product-analysis-guide_api-index-and-migration-contract-present","local_quick-smoke-case-present","qetlab-bsd-2-clause-license-verified","manually_reviewed_wp2_mapping","Factorial subsystem permutations, the pinned sparse-candidate family, the corrected finite local phase grid, and dense work are independently preflighted. Sparse gates require explicit densification and no input is normalized or projected onto a unitary.;Focused native/compatibility tests pass on Julia 1.12 and 1.10. A six-case source-free fixture generated by Octave 11.3.0 from the pinned revision passes flag, valid-witness, and controlled-Z-defect checks; authoritative MATLAB execution has not been run.;The native result distinguishes a local-factor/permutation certificate, a validated product input with entangled output, and numerical unknown; it never collapses boundary evidence to a Boolean.;The pinned two-support loop fails for controlled-Z: it returns the true flag but falls through with an unnormalized product-preserving candidate. The Julia path records that discrepancy and supplies a validated four-support product witness.","behavior depends on MATLAB input/output arity;MATLAB varargin/default semantics require manual review","96"
"IsHermPreserving.m","c4d270840a3d3c35c362ad9cd42e6a20db1227fff6b2593dde0b69320d014ffb","d8589610f00cff106537268dee2e2a1153f3a601","IsHermPreserving","public","function hp = IsHermPreserving(Phi,varargin)","Phi;varargin","TOL","TOL=eps^(3/4)","1","false","exactly_1_outputs","hp","Determines whether or not a superoperator is Hermiticity preserving","http://www.qetlab.com/IsHermPreserving","Nathaniel Johnston (nathaniel@njohnston.ca)","ApplyMap;ChoiMatrix;iden;MaxEntangled;opt_args;PermuteSystems;sporth;superoperator_dims","","ChoiMatrix;opt_args","ApplyMap;ChoiMatrix;iden;MaxEntangled;opt_args;PermuteSystems;sporth;superoperator_dims","","not_declared","","none_detected","","","deterministic_no_direct_or_transitive_rng_calls_detected","quantum_channels_and_maps","is_hermiticity_preserving","is_hermiticity_preserving(map::AbstractMapRepresentation; atol=0, rtol=sqrt(eps(T)))","IsHermPreserving","verified","local_cp_hp_nonhp_exact_sparse_bigfloat_boundary_nonsquare_invalid_and_compatibility_tests_pass_matlab_not_run","complete_native-compatibility-docstrings_general-map-guide_conventions_and-migration-contract-present","not-a-hot-kernel_diagnostic-uses-reviewed-choi-path","qetlab-bsd-2-clause-license-verified","manually_reviewed_wp1_mapping","Compatibility covers raw numeric Choi, one- and two-column factor cells, the pinned nonsquare-negative branch, and the default absolute tolerance; a nonzero defect inside tolerance is unknown rather than a Boolean proof, and exact inputs are decided exactly.;Local exact, sparse, BigFloat, CP, HP non-CP, non-HP, tolerance-boundary, rectangular rejection, invalid-input, and Julia 1.10 tests pass; MATLAB/QETLAB differential execution was not run.;The native diagnostic tests entrywise Choi Hermiticity for maps between square matrix algebras and returns a structured satisfied, violated, or unknown result with a decisive-entry witness.","MATLAB varargin/default semantics require manual review","39"
"IskIncoherent.m","d924a12b239a1ea9a784ed3252ff0f289f2281aeae6022b645b169c4d2779f6a","d8589610f00cff106537268dee2e2a1153f3a601","IskIncoherent","public","function iki = IskIncoherent(X, k)","X;k","","","1","false","exactly_1_outputs","iki","Determines whether or not a quantum state is k-incoherent","http://www.qetlab.com/IskIncoherent","Benjamin Talbot Luis M. B. Varona (lm.varona@outlook.com)","CVX;has_band_k_ordering","","ApplyMap;DephasingChannel;has_band_k_ordering;IsPSD","ApplyMap;DephasingChannel;has_band_k_ordering;IsPSD","CVX","not_declared","","none_detected","","","deterministic_no_direct_or_transitive_rng_calls_detected","quantum_coherence","is_k_incoherent","is_k_incoherent(state, k; backend=NoOptimizationBackend(), strategy=:auto, atol=nothing, rtol=nothing, limits=OptimizationLimits(), max_subsets=10000, max_band_search_nodes=100000, allow_densify=false)","IskIncoherent","verified","local-386-shared-core-compatibility-plus-88-hypatia-scs-and-51-source-free-oracle-assertions-pass-on-julia-1.10-and-1.12_matlab-not-run","native-and-compatibility-docstrings_dedicated-theorem-factor-width-band-search-model-result-resource-and-migration-page-present","local_quick_smoke_recorded","qetlab-bsd-2-clause-license-verified","source_reviewed_and_implemented_2026_07_30","All inputs and k are validated before theorem or optimizer branches; no state is normalized, symmetrized, clipped, or repaired.;Analytic sufficient and exact branches remain distinct from the factor-width SDP, and an unavailable or limited backend returns an inconclusive structured result.;The defective bundled helper is superseded by an independently specified exact bounded graph-layout search with exhaustive four-vertex cross-checks.","CVX solver status and failure semantics require an explicit Julia design","148"
"IsLocallyPSD.m","22f549f2753cbe3e6ee0bdd58fe9d0e0eeb96af577d4c004eb909d76af38affc","d8589610f00cff106537268dee2e2a1153f3a601","IsLocallyPSD","public","function [ilp,wit] = IsLocallyPSD(X,k)","X;k","","","2","false","exactly_2_outputs","ilp;wit","Determines whether or not a matrix is k-locally positive semidefinite","","Nathaniel Johnston (nathaniel@njohnston.ca)","IsPSD","","IsPSD","IsPSD","","not_declared","","none_detected","","","deterministic_no_direct_or_transitive_rng_calls_detected","linear_algebra_and_matrix_analysis","is_locally_positive_semidefinite","is_locally_positive_semidefinite(matrix, order; atol=nothing, rtol=nothing, allow_densify=false, max_submatrices=100_000)","IsLocallyPSD","verified","local_exact_boundary_violation-precedence_witness_sparse_invalid_guard-and-wrapper-tests-pass_matlab-not-run","api_docstrings_focused-page-and-migration-mapping-with-combinatorial-guard-present","not_started","qetlab-bsd-2-clause-license-verified","manually_reviewed_tier_e-mapping-with-structured-principal-witness","binomial(n,order) work is counted and guarded before enumeration.;Local exact, floating boundary, sparse, invalid-input, guard, and compatibility tests pass; MATLAB was not run.;The native result records principal indices and the nested PSD result; robust violations take precedence over earlier numerical boundaries.","no upstream documentation URL annotation found","33"
"IsotropicState.m","3eb969e049f5c465af6ee2bbe09299055b806bb8d53c98760b72ef876cd8e4d4","d8589610f00cff106537268dee2e2a1153f3a601","IsotropicState","public","function rho = IsotropicState(dim,alpha)","dim;alpha","","","1","false","exactly_1_outputs","rho","Produces an isotropic state","http://www.qetlab.com/IsotropicState","Nathaniel Johnston (nathaniel@njohnston.ca)","iden;MaxEntangled;opt_args","","MaxEntangled","iden;MaxEntangled;opt_args","","explicit","speye","none_detected","","","deterministic_no_direct_or_transitive_rng_calls_detected","quantum_states","isotropic_state","isotropic_state(dim, alpha; sparse_output=true)","IsotropicState","verified","local_psd_trace_exact_rational_wrapper_and_octave_fixture_tests_pass_matlab_not_run","api_docstring_focused_page_and_migration_mapping_present","not_started","qetlab-bsd-2-clause-license-verified","manually_reviewed_tier_b_mapping","Function-specific Octave/QETLAB evidence is supplemental and MATLAB was not run.;The native and wrapper paths reject parameters outside the physical positivity interval rather than constructing a non-state.","","23"
"IsPPT.m","679dde038dde5ff3a3799319568a50d89a01ec9c5d2d92a7c3423acf7773bec0","d8589610f00cff106537268dee2e2a1153f3a601","IsPPT","public","function [ppt,wit] = IsPPT(X,varargin)","X;varargin","SYS;DIM;TOL","SYS=2;DIM=sqrt(length(X));TOL=sqrt(eps)","2","false","exactly_2_outputs","ppt;wit","Determines whether or not a matrix has positive partial transpose","http://www.qetlab.com/IsPPT","Nathaniel Johnston (nathaniel@njohnston.ca)","IsPSD;opt_args;PartialTranspose","","IsPSD;opt_args;PartialTranspose","IsPSD;opt_args;PartialTranspose","CVX","not_declared","","none_detected","","","deterministic_no_direct_or_transitive_rng_calls_detected","entanglement","ppt_criterion","ppt_criterion(rho, dims; systems=(2,), atol=nothing, rtol=nothing, allow_densify=false)","IsPPT","verified","local_certificate_boundary_witness_operator_wrapper_pipeline_and_octave_fixture_tests_pass_matlab_not_run","api_docstring_migration_and_entanglement_tri_state_semantics_present","local_quick_smoke_recorded","qetlab-bsd-2-clause-license-verified","manually_reviewed_tier_d_mapping_with_intentional_tri_state_result","Local criterion, witness, tolerance-boundary, wrapper, pipeline, benchmark, and supplemental Octave/QETLAB fixtures pass; MATLAB was not run.;MATLABCompat.IsPPT accepts finite Hermitian operators without requiring unit trace, but intentionally preserves the same tri-state result instead of collapsing numerical-boundary cases to QETLAB's Boolean output.;PPT satisfaction is not promoted to a separability result except by the separately documented exact 2 x 2 and 2 x 3 theorem in the project-native pipeline.;The native criterion validates density matrices and returns CriterionResult with entanglement-detected, satisfied-necessary-condition, or unknown status.","behavior depends on MATLAB input/output arity;CVX solver status and failure semantics require an explicit Julia design;MATLAB varargin/default semantics require manual review","51"
"IsProductOperator.m","9136077f1c19a3bd6062165509362d1e4eaaf7560dcb5f280b4661187e7d63e8","d8589610f00cff106537268dee2e2a1153f3a601","IsProductOperator","public","function [ipo,dec] = IsProductOperator(X,varargin)","X;varargin","DIM","DIM=has two subsystems of equal dimension","2","false","exactly_2_outputs","ipo;dec","Determines if an operator is an elementary tensor","http://www.qetlab.com/IsProductOperator","Nathaniel Johnston (nathaniel@njohnston.ca)","IsProductVector;opt_args;PermuteSystems;SchmidtDecomposition;Swap","","IsProductVector;opt_args;PermuteSystems;Swap","IsProductVector;opt_args;PermuteSystems;SchmidtDecomposition;Swap","","not_declared","","none_detected","","","deterministic_no_direct_or_transitive_rng_calls_detected","tensor_and_subsystem_operations","is_product_operator","is_product_operator(operator, dims; atol=nothing, rtol=nothing, allow_densify=false); is_product_operator(operator, row_dims, column_dims; atol=nothing, rtol=nothing, allow_densify=false)","IsProductOperator","verified","local_multipartite_rectangular_factor_scaled_residual_boundary_sparse_invalid_wrapper_and_away_from_boundary_octave_tests_pass_matlab_not_run","api_docstring_focused_page_and_migration_mapping_present","local_quick_smoke_recorded","qetlab-bsd-2-clause-license-verified","manually_reviewed_tier_e_mapping_with_intentional_structured_result","Local multipartite reconstruction, scaled-residual, boundary, sparse-gate, wrapper, benchmark, and away-from-boundary Octave/QETLAB fixture tests pass; MATLAB was not run.;The native and compatibility APIs support separate rectangular local row/column layouts and return ProductAnalysisResult rather than a Boolean.;Tolerance boundaries remain explicit, and the zero operator is rejected because its factors are nonunique.","MATLAB varargin/default semantics require manual review","58"
"IsProductVector.m","edebc38eaba0daef5bd18eeae7f432cf889cc18d05da452e0f6179432b0cba33","d8589610f00cff106537268dee2e2a1153f3a601","IsProductVector","public","function [ipv,dec] = IsProductVector(vec,varargin)","vec;varargin","DIM","DIM=has two subsystems of equal dimension","2","false","exactly_2_outputs","ipv;dec","Determines if a pure state is a product vector","http://www.qetlab.com/IsProductVector","Nathaniel Johnston (nathaniel@njohnston.ca)","opt_args;SchmidtDecomposition","","opt_args;SchmidtDecomposition","opt_args;SchmidtDecomposition","","not_declared","","none_detected","","","deterministic_no_direct_or_transitive_rng_calls_detected","quantum_states","is_product_vector","is_product_vector(vector, dims; atol=nothing, rtol=nothing, allow_densify=false)","IsProductVector","verified","local_multipartite_factor_scaled_residual_boundary_sparse_invalid_wrapper_and_away_from_boundary_octave_tests_pass_matlab_not_run","api_docstring_focused_page_and_migration_mapping_present","not_started","qetlab-bsd-2-clause-license-verified","manually_reviewed_tier_e_mapping_with_intentional_structured_result","Both Julia entry points return ProductAnalysisResult with factors, full Schmidt-tail residuals in original units, a global reconstruction residual, thresholds, and a three-way status.;Local factor, scaling, boundary, sparse-gate, row-vector wrapper, and away-from-boundary Octave/QETLAB fixture tests pass; MATLAB was not run.;Numerical tolerance boundaries are intentionally not collapsed to QETLAB's Boolean output, and the zero vector is rejected because its factors are nonunique.","MATLAB varargin/default semantics require manual review","66"
"IsPSD.m","6a466d8151ae64b54c8bbaf04bfe09ab94534f900337a0198fc443a8592e4f04","d8589610f00cff106537268dee2e2a1153f3a601","IsPSD","public","function [psd,wit] = IsPSD(X,varargin)","X;varargin","TOL","TOL=eps^(3/4)","2","false","exactly_2_outputs","psd;wit","Determines whether or not a matrix is positive semidefinite","http://www.qetlab.com/IsPSD","Nathaniel Johnston (nathaniel@njohnston.ca)","opt_args","","opt_args","opt_args","CVX","explicit","speye","none_detected","","","deterministic_no_direct_or_transitive_rng_calls_detected","linear_algebra_and_matrix_analysis","is_positive_semidefinite","is_positive_semidefinite(matrix; atol=nothing, rtol=nothing, allow_densify=false)","IsPSD","verified","local_numeric-exact-float32-float64-bigfloat-complex-structured-sparse-boundary-witness-invalid-wrapper-and-randomized-spectrum-tests-plus-23-solver-neutral-copy-model-and-optional-hypatia-status-failure-tests-pass-on-julia-1.10-and-1.12_matlab-not-run","api-docstrings_numeric-predicate-and-affine-model-pages_migration-mapping_structured-boundary-and-explicit-model-materialization-present","local_quick_smoke_recorded","qetlab-bsd-2-clause-license-verified","source_reviewed_and_implemented_2026_07_30","Exact integer/rational inputs are decided exactly; floating tolerance boundaries remain unknown instead of being collapsed to a Boolean.;Neither native nor compatibility code substitutes the Hermitian part, and sparse spectral work requires explicit densification.;Numeric, model-copy, unavailable-backend, Hypatia status, failure, and Julia 1.10 tests pass; MATLAB was not run.;The pinned CVX-expression branch is covered by an owned HermitianAffineMatrix constraint builder and explicit optional JuMP materialization; it never mutates an implicit ambient model.","behavior depends on MATLAB input/output arity;CVX solver status and failure semantics require an explicit Julia design;MATLAB varargin/default semantics require manual review","64"
"IsSeparable.m","be078f7087c1d64ca8c1e29778fbb78690d9d06b569dc6a617cbb1b5a3656f97","d8589610f00cff106537268dee2e2a1153f3a601","IsSeparable","public","function sep = IsSeparable(X,varargin)","X;varargin","DIM;STR;VERBOSE;TOL","DIM=has both subsystems of equal dimension;STR=2;VERBOSE=1;TOL=eps^(3/8)","1","false","exactly_1_outputs","sep","Determines whether or not a bipartite operator is separable","http://www.qetlab.com/IsSeparable","Nathaniel Johnston (nathaniel@njohnston.ca)","ApplyMap;CVX;FilterNormalForm;iden;InSeparableBall;IsPPT;IsPSD;jacobi_poly;kpNorm;MaxEntangled;OperatorSchmidtDecomposition;OperatorSchmidtRank;opt_args;opt_disp;PartialMap;PartialTrace;PartialTranspose;PermutationOperator;PermuteSystems;Realignment;SchmidtDecomposition;SchmidtRank;sporth;Swap;SwapOperator;SymmetricExtension;SymmetricInnerExtension;SymmetricProjection;TraceNorm","","FilterNormalForm;InSeparableBall;IsPPT;IsPSD;MaxEntangled;OperatorSchmidtRank;opt_args;opt_disp;PartialMap;PartialTrace;Realignment;sk_iterate;Swap;SwapOperator;SymmetricExtension;SymmetricInnerExtension;TraceNorm","ApplyMap;FilterNormalForm;iden;InSeparableBall;IsPPT;IsPSD;jacobi_poly;kpNorm;MaxEntangled;OperatorSchmidtDecomposition;OperatorSchmidtRank;opt_args;opt_disp;PartialMap;PartialTrace;PartialTranspose;PermutationOperator;PermuteSystems;Realignment;SchmidtDecomposition;SchmidtRank;sk_iterate;sporth;Swap;SwapOperator;SymmetricExtension;SymmetricInnerExtension;SymmetricProjection;TraceNorm","CVX","not_declared","","explicit_full_call","","sk_iterate","implicit_matlab_global_rng_transitive_via:sk_iterate","entanglement","is_separable","is_separable(rho, dims; strategies=:qetlab_deterministic, backend=NoOptimizationBackend(), limits=OptimizationLimits(), ...); is_separable(rng::AbstractRNG, rho, dims; strategies=:full, ...)","IsSeparable","verified","local-211-native-42-compatibility-72-hypatia-scs-and-26-source-free-pinned-octave-oracle-assertions-pass-on-julia-1.10-and-1.12_matlab-and-cvx-not-run","native-and-compatibility-docstrings_dedicated-composite-strategy-guide_separability-examples_api-reference_and-migration-contract-present","local_quick-smoke-case-declared_not-yet-recorded","qetlab-bsd-2-clause-license-verified","source_reviewed_and_completed_wp6_2026_07_30","Focused native, compatibility, optional Hypatia/SCS extension, and source-free pinned Octave comparisons pass on Julia 1.12 and 1.10. MATLAB and CVX were not run.;Inputs must already be exactly represented unit-trace Hermitian density matrices. No state is normalized, symmetrized, clipped, projected, repaired, or silently densified.;Only exact or independently checked theorem, decomposition, witness, or hierarchy-certificate branches set a Boolean verdict; every inconclusive computation remains unknown with owned attempt evidence.;The native composite report covers the pinned deterministic strategy families and a mandatory-explicit-RNG bounded subtraction heuristic without collapsing necessary tests, heuristics, hierarchy outcomes, or tolerance boundaries to a Boolean.","calls full(...); densification conditions and size limits require review;CVX solver status and failure semantics require an explicit Julia design;MATLAB varargin/default semantics require manual review;transitively uses implicit MATLAB global RNG via sk_iterate","388"
"IsTotallyNonsingular.m","49e4315f63e5eb4e64687a4930bad05fe72768bc073b28dd23f957d6c561b848","d8589610f00cff106537268dee2e2a1153f3a601","IsTotallyNonsingular","public","function [itn,wit] = IsTotallyNonsingular(X,varargin)","X;varargin","SUB_SIZES;TOL","SUB_SIZES=1:min(size(X));TOL=max(size(X))*eps(norm(X,'fro'))","2","false","exactly_2_outputs","itn;wit","Determines whether or not a matrix is totally nonsingular","http://www.qetlab.com/IsTotallyNonsingular","Nathaniel Johnston (nathaniel@njohnston.ca)","opt_args;sporth","","opt_args;sporth","opt_args;sporth","","not_declared","","none_detected","","","deterministic_no_direct_or_transitive_rng_calls_detected","linear_algebra_and_matrix_analysis","is_totally_nonsingular","is_totally_nonsingular(matrix; orders=nothing, atol=nothing, rtol=nothing, allow_densify=false, max_minors=100_000)","IsTotallyNonsingular","verified","local_exact_float32_float64_bigfloat_complex_rectangular_property_sparse_boundary_overflow_invalid_guard-and-wrapper-tests-pass_matlab-not-run","api_docstrings_focused-page-and-migration-mapping-with-structured-boundary-and-guard-present","not_started","qetlab-bsd-2-clause-license-verified","manually_reviewed_tier_e-mapping-with-exact-singularity-and-three-valued-boundaries","Exact inputs are decided exactly; represented floating singularity is distinguished from a nonzero tolerance-boundary determinant.;Exact rational reconstruction is used only to establish represented singularity at a numerical boundary, and combinatorial work is guarded.;The wrapper preserves positional SUB_SIZES/TOL and the pinned single default determinant tolerance; MATLAB was not run.","MATLAB varargin/default semantics require manual review","74"
"IsTotallyPositive.m","a25410634958d99c30a174ef5fae8f438e06577e6d43cd7cc682b8579732d82b","d8589610f00cff106537268dee2e2a1153f3a601","IsTotallyPositive","public","function [itp,wit] = IsTotallyPositive(X,varargin)","X;varargin","SUB_SIZES;TOL","SUB_SIZES=1:min(size(X));TOL=max(size(X))*eps(norm(X,'fro'))","2","false","exactly_2_outputs","itp;wit","Determines whether or not a matrix is totally positive","http://www.qetlab.com/IsTotallyPositive","Nathaniel Johnston (nathaniel@njohnston.ca)","opt_args","","opt_args","opt_args","","not_declared","","none_detected","","","deterministic_no_direct_or_transitive_rng_calls_detected","linear_algebra_and_matrix_analysis","is_totally_positive","is_totally_positive(matrix; orders=nothing, atol=nothing, rtol=nothing, allow_densify=false, max_minors=100_000)","IsTotallyPositive","verified","local_exact_float32_float64_bigfloat_rectangular_property_sparse_boundary_overflow_invalid_guard-and-wrapper-tests-pass_matlab-not-run","api_docstrings_focused-page-and-migration-mapping-with-strict-and-boundary-divergences-present","not_started","qetlab-bsd-2-clause-license-verified","manually_reviewed_tier_e-mapping-with-strict-minors-and-three-valued-boundaries","Exact determinants are widened and all-minor work is counted and guarded.;Strictly singular minors violate total positivity; nonzero floating determinants inside tolerance are unknown rather than reproducing the pinned permissive Boolean.;The wrapper preserves positional SUB_SIZES/TOL and QETLAB's single default determinant tolerance; MATLAB was not run.","MATLAB varargin/default semantics require manual review","68"
"IsUPB.m","2ed9907134f2642f708e81f680ece883b9751532b7e016e1b58fdef30ccbe9d8","d8589610f00cff106537268dee2e2a1153f3a601","IsUPB","public","function [iu,wit] = IsUPB(varargin)","varargin","","","2","false","exactly_2_outputs","iu;wit","Determines whether or not a set of product vectors form a UPB","http://www.qetlab.com/IsUPB","Nathaniel Johnston (nathaniel@njohnston.ca)","opt_args;vec_partitions","","vec_partitions","opt_args;vec_partitions","","not_declared","","none_detected","","","deterministic_no_direct_or_transitive_rng_calls_detected","entanglement","is_upb","is_upb(local_factors...; normalization=:require, materialize_witness=false, atol=nothing, rtol=nothing, boundary_factor=8, allow_densify=false, max_states=256, max_partitions=100000, max_work=25000000, max_dense_entries=1000000)","IsUPB","verified","local-146-focused-exact-numerical-complex-product-orthogonality-incompleteness-witness-boundary-sparse-resource-wrapper-invalid-and-julia-1.10-tests-plus-ten-case-pinned-octave-fixture-and-33-comparator-assertions-pass_matlab-not-run","native-and-compatibility-docstrings_dedicated-certificate-guide_api-index_product-guide-and-migration-contract-with-primary-definition-present","local_quick-smoke-case-present","qetlab-bsd-2-clause-license-verified","manually_reviewed_wp2_mapping","Focused native/compatibility tests pass on Julia 1.12 and 1.10. Ten source-free fixtures generated by Octave 11.3.0 at the pinned revision pass 33 agreement, certificate, compatibility, and reviewed-discrepancy assertions; authoritative MATLAB execution has not been run.;Ordered partitions are generated lazily with minimum-part pruning, state, partition, scalar-work, and dense-entry limits. An exhausted exact search certifies unextendibility, a successful branch returns compact local witness factors, and every boundary or search limit is structured unknown rather than false.;The native structured result checks every part of the UPB definition: product form, mutual orthogonality, incompleteness, and absence of a product extension. Exact integer, rational, and exact-complex inputs use rational BigInt elimination; floating inputs use scale-aware lower and boundary bands.;The pinned routine can report a complete product basis or a nonorthogonal unextendible set as a UPB because it tests only extendibility. Its nonconjugating nullspace calculation can also return a complex witness that is not Hilbert-space orthogonal; both discrepancies are preserved in the fixture and corrected by the Julia APIs.","behavior depends on MATLAB input/output arity;MATLAB varargin/default semantics require manual review","74"
"kpNorm.m","d191169e0a88ab2a6b39be238e556b99f6911cf95a84cd4d9adad59353b09314","d8589610f00cff106537268dee2e2a1153f3a601","kpNorm","public","function nrm = kpNorm(X,k,p)","X;k;p","","","1","false","exactly_1_outputs","nrm","Computes the (k,p)-norm of a vector or matrix","http://www.qetlab.com/kpNorm","Nathaniel Johnston (nathaniel@njohnston.ca)","","","","","CVX","explicit","issparse","explicit_full_call","","","deterministic_no_direct_or_transitive_rng_calls_detected","linear_algebra_and_matrix_analysis","top_k_p_norm","top_k_p_norm(input, k, p; allow_densify=false)","kpNorm","verified","local_numeric-vector-matrix-endpoint-complex-rectangular-sparse-precision-invalid-wrapper-plus-41-solver-neutral-affine-epigraph-and-20-hypatia-scs-model-tests-pass-on-julia-1.10-and-1.12_matlab-not-run","complete-numeric-and-affine-model-api-docstrings_dedicated-epigraph-page_migration-mapping_and-upstream-vector-defect-documented","local_component_quick_smoke_recorded","qetlab-bsd-2-clause-license-verified","source_reviewed_and_implemented_2026_07_30","Rectangular complex affine model inputs use a solver-neutral exact epigraph with Hermitian dilation, Ky Fan majorization, and a public MOI NormCone materialized only through the optional JuMP extension.;Sparse vectors remain sparse, general sparse matrix SVDs require explicit densification, and Diagonal matrices preserve generic precision.;The complete executable numeric array contract is implemented for vectors using magnitudes and matrices using singular values, with positive k clipped to the available spectrum and p in [1, Inf].;The pinned numeric vector branch sorts signed entries even though the documented norm requires largest magnitudes; the native API and MATLABCompat wrapper deliberately implement the mathematical magnitude definition.","calls full(...); densification conditions and size limits require review;CVX solver status and failure semantics require an explicit Julia design","112"
"kpNormDual.m","ecedafbbb1a58977b9447006942c23f729e79b8445139733aa6fb3ee2da2730b","d8589610f00cff106537268dee2e2a1153f3a601","kpNormDual","public","function nrm = kpNormDual(X,k,p)","X;k;p","","","1","false","exactly_1_outputs","nrm","Computes the dual of the (k,p)-norm of a vector or matrix","http://www.qetlab.com/kpNormDual","Nathaniel Johnston (nathaniel@njohnston.ca)","kpNorm","","kpNorm","kpNorm","CVX","not_declared","","explicit_full_call","","","deterministic_no_direct_or_transitive_rng_calls_detected","linear_algebra_and_matrix_analysis","top_k_p_norm_dual","top_k_p_norm_dual(input, k, p; allow_densify=false); top_k_p_norm_dual_epigraph(input::ComplexAffineMatrix, k, p; limits=OptimizationLimits())","kpNormDual","verified","local-existing-numeric-plus-148-core-compatibility-64-hypatia-scs-and-26-source-free-octave-oracle-assertions-pass-on-julia-1.10-and-1.12_matlab-and-cvx-not-run","numeric-and-affine-native-docstrings_dual-model-guide_api-reference_migration-and-extension-contracts-present","local_quick_affine-model-smoke-recorded","qetlab-bsd-2-clause-license-verified","source_reviewed_and_completed_wp7_2026_07_30","Independent finite-grid maximization and sampled duality inequalities validate a nontrivial k=2, p=2 case in addition to analytic endpoint and matrix/vector tests.;Rectangular complex affine inputs now use an exact solver-neutral Hermitian-dilation, Ky-Fan-majorization, and k-support perspective epigraph, materialized only through the optional JuMP extension.;The complete executable numeric array contract uses the reviewed plateau formula, including p=1 and p=Inf endpoints and k clipping.","calls full(...); densification conditions and size limits require review;CVX solver status and failure semantics require an explicit Julia design","68"
"KrausOperators.m","c38d77324f6d5383bf5bc82692b0a85731ba5b687035e6c3d028613d8800be2c","d8589610f00cff106537268dee2e2a1153f3a601","KrausOperators","public","function ko = KrausOperators(Phi,varargin)","Phi;varargin","DIM","DIM=has both subsystems of equal dimension","1","false","exactly_1_outputs","ko","Computes a set of Kraus operators for a superoperator","http://www.qetlab.com/KrausOperators","Nathaniel Johnston (nathaniel@njohnston.ca)","ApplyMap;ChoiMatrix;iden;IsCP;IsHermPreserving;IsPSD;MaxEntangled;opt_args;PermuteSystems;sporth;superoperator_dims","","ChoiMatrix;IsCP;IsHermPreserving;pad_array;superoperator_dims","ApplyMap;ChoiMatrix;iden;IsCP;IsHermPreserving;IsPSD;MaxEntangled;opt_args;pad_array;PermuteSystems;sporth;superoperator_dims","","not_declared","","explicit_full_call","","","deterministic_no_direct_or_transitive_rng_calls_detected","quantum_channels_and_maps","kraus_operators","kraus_operators(map::AbstractMapRepresentation; atol=0, rtol=sqrt(eps(T)), allow_densify=false); canonical_map_decomposition(map; atol=0, rtol=sqrt(eps(T)), allow_densify=false)","KrausOperators","verified","local_cp_signed-hermitian_general_full-rectangular_zero_boundary_sparse-policy_invalid_reconstruction_and-compatibility-tests-pass_matlab-not-run","complete_native-compatibility-docstrings_general-map-guide_and-migration-contract-present","local_canonical-general-full-rectangular-quick-smoke-case-present","qetlab-bsd-2-clause-license-verified","manually_reviewed_wp1_mapping","Local branch ordering, zero-map, numerical-boundary, Float32/Float64/complex, sparse opt-in, type-rejection, independent Choi reconstruction, wrapper-shape, and Julia 1.10 tests pass; MATLAB/QETLAB differential execution was not run.;The compatibility wrapper retains QETLAB's vector versus two-column output shapes and supports full rectangular DIM data, intentionally correcting the pinned pad_array concatenation failure for unequal Choi row and column sizes.;The native canonical result separates completely-positive equal pairs, signed Hermiticity-preserving pairs, and general SVD pairs; only the first branch is exposed through the strictly named kraus_operators accessor.","calls full(...); densification conditions and size limits require review;MATLAB varargin/default semantics require manual review","92"
"KroneckerSum.m","0100ecf92f203dc8c532c78c083cd8e2c2eacd9c3d83f73c24014dc40c203490","d8589610f00cff106537268dee2e2a1153f3a601","KroneckerSum","public","function krn = KroneckerSum(A,varargin)","A;varargin","","","1","false","exactly_1_outputs","krn","Kronecker sum of two or more matrices","http://www.qetlab.com/KroneckerSum","Nathaniel Johnston (nathaniel@njohnston.ca)","","","Tensor","Tensor","","explicit","speye","none_detected","","","deterministic_no_direct_or_transitive_rng_calls_detected","tensor_and_subsystem_operations","kronecker_sum","kronecker_sum(factors...; copies=nothing)","KroneckerSum","verified","local_tests_pass_matlab_differential_not_run","api_docstring_and_migration_mapping_present","not_started","qetlab-bsd-2-clause-license-verified","manually_reviewed_tier_a_mapping","Local Julia and compatibility-wrapper tests pass; MATLAB differential parity has not been run.;Native repeated sums use the copies keyword; the compatibility wrapper preserves the positional copy count.","behavior depends on MATLAB input/output arity;MATLAB varargin/default semantics require manual review","56"
"KyFanNorm.m","13514bc89df1a0b34a79f982f176159e5288096c1b4c3588e921685783854f8e","d8589610f00cff106537268dee2e2a1153f3a601","KyFanNorm","public","function nrm = KyFanNorm(X,k)","X;k","","","1","false","exactly_1_outputs","nrm","Computes the Ky Fan k-norm of an operator","http://www.qetlab.com/KyFanNorm","Nathaniel Johnston (nathaniel@njohnston.ca)","kpNorm","","kpNorm","kpNorm","","not_declared","","none_detected","","","deterministic_no_direct_or_transitive_rng_calls_detected","linear_algebra_and_matrix_analysis","ky_fan_norm","ky_fan_norm(matrix, k; allow_densify=false)","KyFanNorm","verified","local_analytic_invalid_sparse_wrapper_and_octave_fixture_tests_pass_matlab_not_run","api_docstring_and_migration_mapping_present","local_quick_smoke_recorded","qetlab-bsd-2-clause-license-verified","manually_reviewed_tier_d_mapping","Local analytic, invalid-input, wrapper, benchmark, and supplemental Octave/QETLAB fixture tests pass; MATLAB was not run.;Sparse inputs require an explicit allow_densify=true opt-in.;The native and compatibility paths validate 1 <= k <= min(size(matrix)) and compute a full SVD rather than claiming a truncated algorithm.","","17"
"L1NormCoherence.m","a1f4e4c61d4e5a4e58d0587ad9cad5a7ae645792735bec774cb8f4c21221c4f1","d8589610f00cff106537268dee2e2a1153f3a601","L1NormCoherence","public","function L1C = L1NormCoherence(rho)","rho","","","1","false","exactly_1_outputs","L1C","Computes the l1-norm of coherence of a quantum state","http://www.qetlab.com/L1NormCoherence","Nathaniel Johnston (nathaniel@njohnston.ca)","pure_to_mixed","","pure_to_mixed","pure_to_mixed","","not_declared","","none_detected","","","deterministic_no_direct_or_transitive_rng_calls_detected","quantum_coherence","l1_coherence","l1_coherence(state; atol=nothing, rtol=nothing, allow_densify=false)","L1NormCoherence","verified","local_analytic_generic_sparse_wrapper_and_octave_fixture_tests_pass_matlab_not_run","api_docstring_focused_page_and_migration_mapping_present","local_quick_smoke_recorded","qetlab-bsd-2-clause-license-verified","manually_reviewed_tier_e_coherence_mapping","Inputs are validated but never normalized, clipped, or repaired; sparse density matrices require explicit allow_densify=true.;Local analytic, invalid-input, generic, sparse, wrapper, benchmark, and supplemental Octave/QETLAB fixture tests pass; MATLAB was not run.;Pure-vector evaluation preserves generic floating precision and sparse storage; density-matrix spectral validation requires a BLAS floating element type.","","20"
"LocalDistinguishability.m","a83329f5ab1d4e751ad55748a56907dfa25bb7241909dad5c0222a4f55d47853","d8589610f00cff106537268dee2e2a1153f3a601","LocalDistinguishability","public","function [DIST, MEAS, DUAL_SOL] = LocalDistinguishability(X, varargin)","X;varargin","P;DIM;COPIES;PPT;BOS;TOL","P=[1/N, ..., 1/N], where N is the number of states;DIM=has both subsystems of equal dimension;COPIES=2;PPT=true;BOS=true;TOL=eps^(1/4)","3","false","exactly_3_outputs","DIST;MEAS;DUAL_SOL","Computes the maximum probability of distinguishing quantum states by symmetric-extendible measurements","http://www.qetlab.com/LocalDistinguishability","Alessandro Cosentino (cosenal@gmail.com)","","","normalize_cols;SymmetricExtension","normalize_cols;SymmetricExtension","CVX","not_declared","","none_detected","","","deterministic_no_direct_or_transitive_rng_calls_detected","quantum_states","local_distinguishability","local_distinguishability(states, dims; priors=nothing, order=2, ppt=true, bosonic=true, backend=NoOptimizationBackend(), limits=OptimizationLimits(), ...)","LocalDistinguishability","verified","local-211-native-42-compatibility-72-hypatia-scs-and-18-independent-local-oracle-assertions-pass-on-julia-1.10-and-1.12_matlab-and-cvx-not-run","native-and-compatibility-docstrings_separability-optimization-guide_api-reference_and-migration-contract-present","local_quick-smoke-case-declared_not-yet-recorded","qetlab-bsd-2-clause-license-verified","source_reviewed_and_completed_wp6_2026_07_30","Focused native, compatibility, optional Hypatia/SCS extension, and independent local-oracle tests pass on Julia 1.12 and 1.10. MATLAB and CVX were not run.;States and priors must be exactly represented as normalized; no caller input is normalized, symmetrized, clipped, repaired, or silently densified.;The exact single-state branch has a separable-POVM certificate. A nontrivial hierarchy POVM is not claimed to be separable or LOCC, and a numerical optimum is not promoted to an exact discrimination probability.;The package-owned solver-neutral model implements PPT and bosonic symmetric-extension outer hierarchies and retains the hierarchy POVM, raw optimization result, dual data, residuals, and distinct separable-versus-relaxation bounds.","behavior depends on MATLAB input/output arity;CVX solver status and failure semantics require an explicit Julia design;MATLAB varargin/default semantics require manual review","130"
"Majorizes.m","08b2e08c9fabb7221c69a205a39e591843d5ae899c889bde80368b419b41e92b","d8589610f00cff106537268dee2e2a1153f3a601","Majorizes","public","function m = Majorizes(a,b)","a;b","","","1","false","exactly_1_outputs","m","Determines whether or not a vector or matrix majorizes another","http://www.qetlab.com/Majorizes","Nathaniel Johnston (nathaniel@njohnston.ca)","","","","","","not_declared","","explicit_full_call","","","deterministic_no_direct_or_transitive_rng_calls_detected","linear_algebra_and_matrix_analysis","majorizes","majorizes(a, b; atol=0, rtol=nothing)","Majorizes","verified","local_strong-native_weak-compatibility_exact_floating_matrix_sparse_invalid_and-reviewed-discrepancy-octave-tests_pass_matlab_not_run","api_docstrings_focused_page_and_migration_mapping_with-strong-versus-weak-semantics-present","local_quick_smoke_recorded","qetlab-bsd-2-clause-license-verified","manually_reviewed_tier_e_mapping_with-native-standard-definition-and-pinned-compatibility-semantics","Local native/wrapper tests and five reviewed Octave discrepancy fixtures distinguish the contracts; MATLAB was not run.;MATLABCompat.Majorizes preserves pinned weak-total behavior, row/column matrices as vectors, sorting before zero-padding, and the one-sided norm(A)*eps(Float64)^(3/4) default; explicit atol/rtol and sparse densification permission are safe extensions.;The native API implements standard strong majorization with equal totals, symmetric tolerance, zero-padding before sorting, and singular-value treatment for every matrix shape.","calls full(...); densification conditions and size limits require review","56"
"MatsumotoFidelity.m","3dcffb8301da407bb8411ca906c4f5007d2c527e7ad35fb0c1f7c9b3b904e184","d8589610f00cff106537268dee2e2a1153f3a601","MatsumotoFidelity","public","function fid = MatsumotoFidelity(rho,sigma)","rho;sigma","","","1","false","exactly_1_outputs","fid","Computes the Matsumoto fidelity of two density matrices","http://www.qetlab.com/MatsumotoFidelity","Nathaniel Johnston (nathaniel@njohnston.ca)","CVX","","","","CVX","not_declared","","none_detected","","","deterministic_no_direct_or_transitive_rng_calls_detected","linear_algebra_and_matrix_analysis","matsumoto_fidelity","matsumoto_fidelity(rho, sigma; atol=nothing, rtol=nothing, allow_densify=false, support_boundary_policy=:reject)","MatsumotoFidelity","verified","local_62-numeric-plus-47-solver-neutral-fixed-and-affine-model-and-34-hypatia-scs-status-residual-limit-failure-assertions-pass-on-julia-1.10-and-1.12_live-octave-numeric-checks-recorded_matlab-not-run","complete-numeric-and-affine-model-api-docstrings_dedicated-sdp-page_migration-mapping_support-boundary-and-upstream-regularizer-correction-documented","targeted_d32_20-sample-smoke-recorded","qetlab-bsd-2-clause-license-verified","source_reviewed_and_implemented_2026_07_30","Every pinned numeric-matrix input branch is covered by a support-aware Kubo-Ando geometric mean; this is Matsumoto fidelity, not the implemented Uhlmann fidelity.;Independent 2-by-2 and singular-limit checks pass. An optional JuMP/Hypatia SDP agrees within 1e-9 for a full-rank case and 2.4e-5 on a singular boundary case; the latter is recorded only as supplemental evidence.;Positive spectral and near-intersection support boundaries are diagnostic by default and require an explicit :project policy; small negative eigenvalues are always rejected. Diagonal inputs preserve generic floating arithmetic, and general sparse densification is opt-in.;Positive-definite inputs use Cholesky solves. Singular inputs use the proved support intersection and support-restricted shorted operators; no explicit matrix inverse, full pseudoinverse, additive identity regularizer, normalization, or input symmetrization is performed.;The pinned CVX-expression branch is covered without a hidden nested solve by a package-owned block-PSD hypograph for fixed or affine state data and a directly solvable SemidefiniteProgram.","CVX solver status and failure semantics require an explicit Julia design","58"
"MaxEntangled.m","6444abe9e6289af29328c9eeea6d3cfde412395c680aabe994cd113273f8b410","d8589610f00cff106537268dee2e2a1153f3a601","MaxEntangled","public","function psi = MaxEntangled(dim,varargin)","dim;varargin","SP;NRML","SP=0;NRML=1","1","false","exactly_1_outputs","psi","Produces a maximally entangled bipartite pure state","http://www.qetlab.com/MaxEntangled","Nathaniel Johnston (nathaniel@njohnston.ca)","iden;opt_args","","iden;opt_args","iden;opt_args","","not_declared","","none_detected","","","deterministic_no_direct_or_transitive_rng_calls_detected","entanglement","maximally_entangled","maximally_entangled(dim; normalized=true, sparse_output=false, T=Float64)","MaxEntangled","verified","local_normalization_sparse_generic_wrapper_and_octave_fixture_tests_pass_matlab_not_run","api_docstring_focused_page_and_migration_mapping_present","not_started","qetlab-bsd-2-clause-license-verified","manually_reviewed_tier_b_mapping","Function-specific Octave/QETLAB evidence is supplemental and MATLAB was not run.;Normalization, sparse output, subsystem order, and floating-point precision are explicit native keywords.","MATLAB varargin/default semantics require manual review","35"
"MaximumOutputFidelity.m","8a8b0900640db599558582d53683012e7c35be8f226b2864ac146ec91d1fc1b0","d8589610f00cff106537268dee2e2a1153f3a601","MaximumOutputFidelity","public","function mof = MaximumOutputFidelity(Phi,Psi,varargin)","Phi;Psi;varargin","","","1","false","exactly_1_outputs","mof","Computes the maximum output fidelity of two quantum channels","http://www.qetlab.com/MaximumOutputFidelity","Nathaniel Johnston (nathaniel@njohnston.ca)","ComplementaryMap;CVX;DiamondNorm;KrausOperators;superoperator_dims","","ComplementaryMap;DiamondNorm;KrausOperators;superoperator_dims","ComplementaryMap;DiamondNorm;KrausOperators;superoperator_dims","CVX","not_declared","","none_detected","","","deterministic_no_direct_or_transitive_rng_calls_detected","quantum_channels_and_maps","maximum_output_fidelity","maximum_output_fidelity(first_map, second_map; backend=NoOptimizationBackend(), require_trace_preserving=true, kwargs...) -> MaximumOutputFidelityResult","MaximumOutputFidelity","verified","local-124-native-21-compatibility-74-hypatia-scs-and-122-source-free-octave-oracle-assertions-pass-on-julia-1.10-and-1.12_matlab-not-run","native-docstring_channel-optimization-guide_api-reference_migration-and-upstream-kraus-truncation-defect-contracts-present","local_quick_analytic_smoke_recorded","qetlab-bsd-2-clause-license-verified","source_reviewed_2026_07_29","Identical, common-basis-output, and replacer-channel theorems are certified separately from status-rich numerical lower/upper bounds and optional-backend failures.;The native direct root-fidelity SDP is invariant under Kraus representation and does not truncate unequal Kraus ranks; the pinned identity-versus-phase-flip fixture returns 0.8 although an exact common output proves one.","CVX solver status and failure semantics require an explicit Julia design;MATLAB varargin/default semantics require manual review","49"
"MinUPBSize.m","c0ea12cb54f14c921990c9164c3f0a2577e811f09d916133c813b5509609f9f1","d8589610f00cff106537268dee2e2a1153f3a601","MinUPBSize","public","function s = MinUPBSize(dim,varargin)","dim;varargin","VERBOSE","VERBOSE=1","1","false","exactly_1_outputs","s","Gives the minimum cardinality of an unextendible product basis in given dimensions","http://www.qetlab.com/MinUPBSize","Nathaniel Johnston (nathaniel@njohnston.ca)","opt_args;opt_disp","","opt_args;opt_disp","opt_args;opt_disp","","not_declared","","none_detected","","","deterministic_no_direct_or_transitive_rng_calls_detected","entanglement","minimum_upb_size","minimum_upb_size(dims)","MinUPBSize","verified","local-every-pinned-table-branch_reference_unknown-structured-wrapper-output-invalid-overflow-and-julia-1.10-tests-plus-eleven-exact-and-one-unknown-pinned-octave-fixture-pass_matlab-not-run","native-and-compatibility-docstrings_product-analysis-guide_api-index-and-migration-contract-with-primary-references-present","local_quick-smoke-case-present","qetlab-bsd-2-clause-license-verified","manually_reviewed_wp2_mapping","An uncovered multipartite family returns status unknown and no size rather than throwing or fabricating an exact minimum. The compatibility wrapper preserves known integer output and raises a DomainError carrying that structured result for the pinned unknown route.;Focused native/compatibility tests pass on Julia 1.12 and 1.10. Eleven exact families and one unknown/error route pass a source-free fixture generated by Octave 11.3.0 from the pinned revision; authoritative MATLAB execution has not been run.;Inputs require at least two local dimensions of size at least two, use checked integer arithmetic, and are canonicalized only by subsystem-order sorting.;The native exact-or-unknown result covers every reviewed pinned theorem/exception branch, retains the universal counting lower bound, and records the branch's primary reference and URL.","MATLAB varargin/default semantics require manual review","72"
"Negativity.m","5b027ab35ea0ad0a74b4ca5daf2160e81a43e5f0a43e90e94090794423cd0535","d8589610f00cff106537268dee2e2a1153f3a601","Negativity","public","function neg = Negativity(rho,varargin)","rho;varargin","DIM","DIM=has both subsystems of equal dimension","1","false","exactly_1_outputs","neg","Computes the negativity of a bipartite quantum state","http://www.qetlab.com/Negativity","Nathaniel Johnston (nathaniel@njohnston.ca)","kpNorm;opt_args;PartialTranspose;PermuteSystems;pure_to_mixed;TraceNorm","","opt_args;PartialTranspose;pure_to_mixed;TraceNorm","kpNorm;opt_args;PartialTranspose;PermuteSystems;pure_to_mixed;TraceNorm","","not_declared","","none_detected","","","deterministic_no_direct_or_transitive_rng_calls_detected","entanglement","negativity","negativity(state, dims; systems=(2,), atol=nothing, rtol=nothing, allow_densify=false)","Negativity","verified","local_bell_product_mixed_validation_sparse_wrapper_and_octave_fixture_tests_pass_matlab_not_run","api_docstring_migration_and_entanglement_semantics_docs_present","local_quick_smoke_recorded","qetlab-bsd-2-clause-license-verified","manually_reviewed_tier_d_mapping","Local analytic, invalid-input, wrapper, benchmark, and supplemental Octave/QETLAB fixture tests pass; MATLAB was not run.;Pure vectors and density matrices are validated and never normalized or clipped; sparse spectral work requires explicit densification permission.;The native API makes the subsystem dimensions and transposed side explicit; the wrapper retains QETLAB's equal-dimension inference and SYS=2 convention.","MATLAB varargin/default semantics require manual review","49"
"NonlocalGameLB.m","afc7c3d4b6bdfb0d946269575e70f179fa253bb7c2c1c4361be69c8fa0d387c0","d8589610f00cff106537268dee2e2a1153f3a601","NonlocalGameLB","public","function nglb = NonlocalGameLB(d,p,V,varargin)","d;p;V;varargin","VERBOSE","VERBOSE=1","1","false","exactly_1_outputs","nglb","Computes a lower bound on the quantum value of a non-local game","http://www.qetlab.com/NonlocalGameLB","Nathaniel Johnston (nathaniel@njohnston.ca) and Vincent Russo (vrusso@uwaterloo.ca), partially based on some code by John Watrous","CVX;opt_args;opt_disp;RandomDensityMatrix","","opt_args;opt_disp;RandomDensityMatrix","opt_args;opt_disp;RandomDensityMatrix","CVX","not_declared","","none_detected","","RandomDensityMatrix","implicit_matlab_global_rng_transitive_via:RandomDensityMatrix","nonlocality_and_games","nonlocal_game_lower_bound","nonlocal_game_lower_bound(rng::AbstractRNG, local_dimension, game; backend=NoOptimizationBackend(), max_iterations=100, max_initialization_attempts=4, ...)","NonlocalGameLB","verified","local-187-native-30-compatibility-and-101-hypatia-scs-extension-assertions-pass-on-julia-1.10-and-1.12_matlab-and-cvx-not-run","native-and-compatibility-docstrings_nonlocal-optimization-guide_api-reference_and-migration-contract-present","local_quick-smoke-case-declared_not-yet-recorded","qetlab-bsd-2-clause-license-verified","source_reviewed_and_completed_wp9_2026_07_30","Initialization attempts, iterations, dense entries, model entries, and scalar work are bounded before their corresponding work.;Owned tolerance-feasible POVMs are used to re-evaluate the candidate objective, but floating feasibility remains uncertified and is never collapsed to a mathematical lower-bound certificate.;The bounded alternating SDP heuristic requires a caller RNG and does not consume it on missing-backend, zero-iteration, or preflight-limit exits.","CVX solver status and failure semantics require an explicit Julia design;MATLAB varargin/default semantics require manual review;transitively uses implicit MATLAB global RNG via RandomDensityMatrix","139"
"NPAHierarchy.m","ee0e2bdba84ed1ad2ea7ff7060b9a5883e66cd3eeecc9cfae7773a72854b27b9","d8589610f00cff106537268dee2e2a1153f3a601","NPAHierarchy","public","function is_npa = NPAHierarchy(cg,desc,varargin)","cg;desc;varargin","K","K=1","1","false","exactly_1_outputs","is_npa","Determines whether or not a set of correlations satisfy the conditions of the NPA hierarchy","http://www.qetlab.com/NPAHierarchy","Nathaniel Johnston (nathaniel@njohnston.ca)","CVX;opt_args","","opt_args","opt_args","CVX","not_declared","","none_detected","","","deterministic_no_direct_or_transitive_rng_calls_detected","nonlocality_and_games","npa_membership","npa_membership(behavior; level=1, backend=NoOptimizationBackend(), max_words=512, max_word_generation_work=2000000, limits=OptimizationLimits())","NPAHierarchy","verified","local-187-native-30-compatibility-and-101-hypatia-scs-extension-assertions-pass-on-julia-1.10-and-1.12_matlab-and-cvx-not-run","native-and-compatibility-docstrings_nonlocal-optimization-guide_api-reference_and-migration-contract-present","local_quick-smoke-case-declared_not-yet-recorded","qetlab-bsd-2-clause-license-verified","source_reviewed_and_completed_wp9_2026_07_30","Level zero exactly checks positivity, normalization, and no-signalling for typed behaviors; tolerance-only boundaries remain unknown.;Numerical feasibility or infeasibility is not rounded to a Boolean theorem, and malformed raw constructors cannot bypass validated representation invariants.;Positive levels use typed NPA letters, words, levels, solver-neutral moment models, explicit word/model limits, and status-rich results.","CVX solver status and failure semantics require an explicit Julia design;MATLAB varargin/default semantics require manual review","350"
"OperatorSchmidtDecomposition.m","056b372d44d2f6b84d923adefa954ed84797835ff2e5bf956514a6d821cef2d4","d8589610f00cff106537268dee2e2a1153f3a601","OperatorSchmidtDecomposition","public","function [s,U,V] = OperatorSchmidtDecomposition(X,varargin)","X;varargin","DIM;K","DIM=has both subsystems of equal size;K=0","3","false","exactly_3_outputs","s;U;V","Computes the operator Schmidt decomposition of a bipartite operator","http://www.qetlab.com/OperatorSchmidtDecomposition","Nathaniel Johnston (nathaniel@njohnston.ca)","opt_args;PermuteSystems;SchmidtDecomposition;Swap","","opt_args;SchmidtDecomposition;Swap","opt_args;PermuteSystems;SchmidtDecomposition;Swap","","explicit","sparse","none_detected","","","deterministic_no_direct_or_transitive_rng_calls_detected","entanglement","operator_schmidt_decomposition","operator_schmidt_decomposition(operator, dims; allow_densify=false, hermitian_factors=false); operator_schmidt_decomposition(operator, row_dims, column_dims; allow_densify=false, hermitian_factors=false)","OperatorSchmidtDecomposition","verified","local_general-and-hermitian_square_rectangular_unequal-dimension_reconstruction_orthonormality_gauge_positional-output_k-selection_sparse_generic_invalid_and-octave-discrepancy-fixture-tests-pass_matlab-not-run","api_docstrings_focused-page_migration-mapping_factor-conventions_roundoff-boundary_complexity_and-upstream-bug-fixes-present","local_quick_smoke_recorded","qetlab-bsd-2-clause-license-verified","manually_reviewed_tier_e_mapping_with_documented_upstream_bug_fixes","Local invariant and supported Octave/QETLAB coefficient/discrepancy fixture tests pass; MATLAB was not run.;The compatibility wrapper returns exactly three named fields that destructure positionally, preserves reviewed K=-1, K=0, and positive-K selection, and automatically requests Hermitian factors only for exactly Hermitian, locally square inputs.;The implementation intentionally corrects the pinned rectangular reshape failures, unequal-local-dimension Hermitian-basis linear indexing, and repaired branch ignoring K; near-Hermitian input is never projected or symmetrized.;The native API supports separate rectangular row/column layouts, returns a typed full thin decomposition, and offers an exact-Hermitian real-operator-basis convention with auditable coordinate-roundoff metadata.","MATLAB varargin/default semantics require manual review","151"
"OperatorSchmidtRank.m","40a4e0a770a60ed3abe467bc3d97194bb311f7ca2ffd792216b26380366e26bc","d8589610f00cff106537268dee2e2a1153f3a601","OperatorSchmidtRank","public","function rnk = OperatorSchmidtRank(X,varargin)","X;varargin","DIM","DIM=has two subsystems of equal dimension","1","false","exactly_1_outputs","rnk","Computes the operator Schmidt rank of a bipartite operator","http://www.qetlab.com/OperatorSchmidtRank","Nathaniel Johnston (nathaniel@njohnston.ca)","opt_args;PermuteSystems;SchmidtRank;sporth;Swap","","opt_args;SchmidtRank;Swap","opt_args;PermuteSystems;SchmidtRank;sporth;Swap","","not_declared","","none_detected","","","deterministic_no_direct_or_transitive_rng_calls_detected","entanglement","operator_schmidt_rank","operator_schmidt_rank(operator, dims; atol=nothing, rtol=nothing, allow_densify=false); operator_schmidt_rank(operator, row_dims, column_dims; atol=nothing, rtol=nothing, allow_densify=false)","OperatorSchmidtRank","verified","local_rank_threshold_rectangular_sparse_wrapper_and_octave_fixture_tests_pass_matlab_not_run","api_docstring_focused_page_and_migration_mapping_present","not_started","qetlab-bsd-2-clause-license-verified","manually_reviewed_tier_e_mapping","Local analytic, rectangular, sparse-gate, wrapper, and supplemental Octave/QETLAB fixture tests pass; MATLAB was not run.;The native result is a tolerance-defined numerical operator Schmidt rank, not an exact algebraic claim.;The wrapper preserves QETLAB's reviewed default absolute threshold and supplied-TOL semantics.","MATLAB varargin/default semantics require manual review","48"
"OperatorSinkhorn.m","05409ab75a39557e73958fc181ca57b42485b602f3ff9a47b08e70f15955bcae","d8589610f00cff106537268dee2e2a1153f3a601","OperatorSinkhorn","public","function [sigma,F] = OperatorSinkhorn(rho,varargin)","rho;varargin","DIM;TOL","DIM=has two subsystems of equal dimension;TOL=sqrt(eps)","2","false","exactly_2_outputs","sigma;F","Performs the operator Sinkhorn iteration","http://www.qetlab.com/OperatorSinkhorn","Nathaniel Johnston (nathaniel@njohnston.ca)","opt_args;PartialTrace;PermuteSystems","","opt_args;PartialTrace","opt_args;PartialTrace;PermuteSystems","","explicit","speye","none_detected","","","deterministic_no_direct_or_transitive_rng_calls_detected","quantum_information_miscellaneous","operator_sinkhorn","operator_sinkhorn(rho, dims; atol=0, rtol=nothing, max_iterations=1000, max_condition_number=nothing, allow_densify=false, max_entries=10000000, max_work=1000000000)","OperatorSinkhorn","verified","local_124-assertion_balanced-product-random-complex_low-rank_multipartite_trace-filter-reconstruction_marginal_positional-output_singular_ill-conditioned_iteration-work_sparse-type-invalid-and-julia-1.10-tests-pass_matlab-not-run","native-docstring_focused-guide_api-index_migration-mapping_status-residual-conditioning-resource-and-upstream-correction-contracts-present","local_targeted_quick_smoke_recorded","qetlab-bsd-2-clause-license-verified","manually_reviewed_wp2_mapping_with_bounded_safety_corrections","All pinned executable dimension branches are covered: default, scalar, bipartite vector, and multipartite vector forms; compatibility returns exactly two positionally destructurable fields only after checked convergence.;Balanced full-rank and low-rank fixed points, bipartite and multipartite convergence, filter reconstruction, marginal targets, complex and Float32 types, sparse densification, singular and ill-conditioned failures, iteration/allocation/work limits, invalid inputs, and compatibility outputs pass on Julia 1.12.6 and 1.10.11; MATLAB was not run.;The implementation intentionally replaces matrix inv/sqrtm, an unbounded loop, global warning mutation, catch-all low-rank failure, final symmetrization, and trace repair with Hermitian eigendecompositions, scalar reciprocal square roots, bounded statuses, and an explicit trace-one work gauge whose output acts directly on the original input.;The native result preserves the scaled operator, all multipartite local filters with first-two left/right aliases, original trace, residual history, conditioning and marginal diagnostics, failed subsystem, and conservative work accounting.","MATLAB varargin/default semantics require manual review","111"
"ParallelRepetition.m","799fc6d181624ef3327f0d50d2961f7114e7bab6ff856cea38a00576e263e754","d8589610f00cff106537268dee2e2a1153f3a601","ParallelRepetition","public","function V2 = ParallelRepetition(V,rept)","V;rept","","","1","false","exactly_1_outputs","V2","produces the coefficients of rept parallel repetitions","","Nathaniel Johnston (nathaniel@njohnston.ca) and Mateus Araújo","update_odometer","","Tensor;update_odometer","Tensor;update_odometer","","not_declared","","none_detected","","","deterministic_no_direct_or_transitive_rng_calls_detected","quantum_information_miscellaneous","parallel_repetition","parallel_repetition(game::AbstractArray{<:Number,4}, repetitions; max_entries=10000000, max_work=100000000)","ParallelRepetition","verified","local_one-two-three-copy_rectangular_exact_bigfloat-complex_packed-index_ownership_limit-overflow-invalid-wrapper-and-julia-1.10-tests-plus-two-branch-octave-fixture-pass_matlab-not-run","native_docstring_nonlocal-guide_api-index-and-compatibility-mapping-present","local_quick_smoke_case-added","qetlab-bsd-2-clause-license-verified","manually_reviewed_wp2_mapping","A source-free Octave 11.3.0 fixture from the pinned revision covers the one-copy and two-copy branches and passes eight native/compatibility comparisons; this is supplemental evidence, and MATLAB was not run.;Exact, arbitrary-precision complex, rectangular, one-copy ownership, three-copy, invalid-input, integer-overflow, allocation-limit, and scalar-work-limit tests pass on Julia 1.12 and 1.10.;The native implementation expands all four full-probability axes with copy one as the most-significant packed digit and validates the product formula on every two-copy index.;The output is explicitly dense and guarded before allocation. The compatibility wrapper delegates to the native kernel and deliberately rejects the pinned routine's accidental unchanged-input behavior for nonpositive repetitions.","no upstream documentation URL annotation found","42"
"PartialMap.m","ad6fd9ac7fad96494b83ca18a2fafe347238ffaa2460542d160030a71359578d","d8589610f00cff106537268dee2e2a1153f3a601","PartialMap","public","function PhiX = PartialMap(X,Phi,varargin)","X;Phi;varargin","SYS;DIM","SYS=2;DIM=has two subsystems of equal dimension","1","false","exactly_1_outputs","PhiX","Applies a superoperator to a subsystem of an operator","http://www.qetlab.com/PartialMap","Nathaniel Johnston (nathaniel@njohnston.ca)","ApplyMap;iden;MaxEntangled;opt_args;PermuteSystems;Swap","","ApplyMap;MaxEntangled;opt_args;PermuteSystems","ApplyMap;iden;MaxEntangled;opt_args;PermuteSystems;Swap","","explicit","speye","none_detected","","","deterministic_no_direct_or_transitive_rng_calls_detected","quantum_channels_and_maps","partial_map","partial_map(input, map::AbstractMapRepresentation, subsystem, dims)","PartialMap","verified","local_all_sys_product_identity_rectangular_dim_raw_choi_two_sided_sparse_generic_invalid_and_compatibility_tests_pass_matlab_not_run","complete_native-compatibility-docstrings_general-map-guide_and-migration-contract-present","local_rectangular-blockwise-partial-map-quick-smoke-case-present","qetlab-bsd-2-clause-license-verified","manually_reviewed_wp1_mapping","Factor and raw-Choi maps are applied blockwise after independent row/column subsystem permutations; no global Kronecker superoperator is constructed, and fully sparse data remain sparse.;Local all-SYS product identities, exact, BigFloat, sparse, raw-Choi, two-sided, default-DIM, invalid-layout, and Julia 1.10 tests pass; the prior Tier C Octave fixture covers the square CP slice, while MATLAB was not run.;The native five-argument method and compatibility two-row DIM form support independent row and column layouts, changed rectangular local output dimensions, and pinned SYS ordering.","MATLAB varargin/default semantics require manual review","83"
"PartialTrace.m","458b8aca2aac9c10cc2cb8645c394bb67102e85bc930cc850e379b624e889f07","d8589610f00cff106537268dee2e2a1153f3a601","PartialTrace","public","function Xpt = PartialTrace(X,varargin)","X;varargin","SYS;DIM;MODE","SYS=2;DIM=has all subsystems of equal dimension;MODE=-1","1","false","exactly_1_outputs","Xpt","Computes the partial trace of a vector or matrix","http://www.qetlab.com/PartialTrace","Nathaniel Johnston (nathaniel@njohnston.ca)","","","opt_args;PermuteSystems","opt_args;PermuteSystems","","explicit","issparse;sparse","explicit_full_call","","","deterministic_no_direct_or_transitive_rng_calls_detected","tensor_and_subsystem_operations","partial_trace","partial_trace(input, dims; trace_out)","PartialTrace","verified","local_analytic_property_and_wrapper_tests_pass_matlab_differential_not_run","api_docstring_conventions_and_migration_mapping_present","local_quick_smoke_recorded","qetlab-bsd-2-clause-license-verified","manually_reviewed_tier_a_mapping","Analytic, independent-index, sparse, generic-number, and compatibility-wrapper tests pass locally; MATLAB differential parity has not been run.;The native kernel selects dense or sparse implementations by dispatch rather than exposing QETLAB MODE.","calls full(...); densification conditions and size limits require review;MATLAB varargin/default semantics require manual review","113"
"PartialTranspose.m","148d4374b0de55cee92f9df7c4b7bfef028f899d0555b34929fbd6c72950e054","d8589610f00cff106537268dee2e2a1153f3a601","PartialTranspose","public","function Xpt = PartialTranspose(X,varargin)","X;varargin","SYS;DIM","SYS=2;DIM=has all subsystems of equal dimension","1","false","exactly_1_outputs","Xpt","Computes the partial transpose of a matrix","http://www.qetlab.com/PartialTranspose","Nathaniel Johnston (nathaniel@njohnston.ca)","opt_args;PermuteSystems","","opt_args;PermuteSystems","opt_args;PermuteSystems","","not_declared","","none_detected","","","deterministic_no_direct_or_transitive_rng_calls_detected","tensor_and_subsystem_operations","partial_transpose","partial_transpose(matrix, dims; systems); partial_transpose(matrix, row_dims, column_dims; systems)","PartialTranspose","verified","local_analytic_property_and_wrapper_tests_pass_matlab_differential_not_run","api_docstring_conventions_and_migration_mapping_present","local_quick_smoke_recorded","qetlab-bsd-2-clause-license-verified","manually_reviewed_tier_a_mapping","Analytic, independent-index, involution, sparse, and compatibility-wrapper tests pass locally; MATLAB differential parity has not been run.;Native rectangular operation accepts separate row and column dimensions or a reusable plan.","MATLAB varargin/default semantics require manual review","75"
"Pauli.m","faf22380b89d0b653fe82d9c0b64e2db3c8d8d643e0203643b2aac7e1e88c5c8","d8589610f00cff106537268dee2e2a1153f3a601","Pauli","public","function p = Pauli(ind,varargin)","ind;varargin","SP","SP=1","1","false","exactly_1_outputs","p","Produces a Pauli operator","http://www.qetlab.com/Pauli","Nathaniel Johnston (nathaniel@njohnston.ca)","opt_args;Pauli;Tensor","","opt_args;Tensor","opt_args;Tensor","","explicit","sparse","none_detected","","","deterministic_no_direct_or_transitive_rng_calls_detected","linear_algebra_and_matrix_analysis","pauli","pauli(index; sparse_output=false)","Pauli","verified","local_analytic_property_sparse_wrapper_and_octave_fixture_tests_pass_matlab_not_run","api_docstring_focused_page_and_migration_mapping_present","not_started","qetlab-bsd-2-clause-license-verified","manually_reviewed_tier_b_mapping","Function-specific Octave/QETLAB evidence is supplemental and does not establish general MATLAB parity.;Native labels are strict and dense output is the native default; the wrapper preserves QETLAB's sparse-output default.","MATLAB varargin/default semantics require manual review","59"
"PauliChannel.m","1d2a04d222391eb67a9c8add9d6877cecae4925c8d438bc2fcaef20c5a83aa88","d8589610f00cff106537268dee2e2a1153f3a601","PauliChannel","public","function Phi = PauliChannel(p)","p","","","1","false","exactly_1_outputs","Phi","Generates a Pauli channel","http://www.qetlab.com/PauliChannel","Nathaniel Johnston (nathaniel@njohnston.ca)","ChoiMatrix;RandomProbabilities;update_odometer","","ChoiMatrix;Pauli;RandomProbabilities;update_odometer","ChoiMatrix;Pauli;RandomProbabilities;update_odometer","CVX","explicit","sparse","none_detected","","RandomProbabilities","implicit_matlab_global_rng_transitive_via:RandomProbabilities","quantum_channels_and_maps","pauli_channel","pauli_channel(probabilities; atol=0, rtol=sqrt(eps(T)))","PauliChannel","verified","local_probability_multiqubit_sparse_wrapper_explicit_rng_global_isolation_and_octave_fixture_tests_pass","api_docstring_rng_contract_and_migration_mapping_present","not_started","qetlab-bsd-2-clause-license-verified","manually_reviewed_tier_c_mapping","Local probability, multi-qubit, sparse, wrapper, RNG-isolation, and supplemental deterministic Octave/QETLAB fixture tests pass; unrelated cross-language random streams are not compared.;The compatibility random form is PauliChannel(rng::AbstractRNG, Q), requiring an explicit RNG and leaving Julia's global stream unchanged.;The deterministic probability form validates 4^q finite nonnegative probabilities and never normalizes or clips them.","CVX solver status and failure semantics require an explicit Julia design;transitively uses implicit MATLAB global RNG via RandomProbabilities","55"
"PermutationOperator.m","e97fe54f808cf024bc7e3e3ba68ebdb93b7380a93039e63a4e00f5d1d0a2dec5","d8589610f00cff106537268dee2e2a1153f3a601","PermutationOperator","public","function P = PermutationOperator(dim,perm,varargin)","dim;perm;varargin","INV_PERM;SP","INV_PERM=0;SP=0","1","false","exactly_1_outputs","P","Produces a unitary operator that permutes subsystems","http://www.qetlab.com/PermutationOperator","Nathaniel Johnston (nathaniel@njohnston.ca)","iden;opt_args;PermuteSystems","","iden;opt_args;PermuteSystems","iden;opt_args;PermuteSystems","","not_declared","","none_detected","","","deterministic_no_direct_or_transitive_rng_calls_detected","tensor_and_subsystem_operations","permutation_operator","permutation_operator(dims, permutation; inverse=false, T=Bool, sparse_output=true)","PermutationOperator","verified","local_tests_pass_matlab_differential_not_run","api_docstring_and_migration_mapping_present","not_started","qetlab-bsd-2-clause-license-verified","manually_reviewed_tier_a_mapping","Local Julia and compatibility-wrapper tests pass; MATLAB differential parity has not been run.;Native output is sparse by default; the compatibility wrapper preserves QETLAB's dense default.","MATLAB varargin/default semantics require manual review","36"
"PermuteSystems.m","b8e2b1f80964996a1a94c6cb34992691c8903c68085b9f7c3a39238e21914fdb","d8589610f00cff106537268dee2e2a1153f3a601","PermuteSystems","public","function PX = PermuteSystems(X,perm,varargin)","X;perm;varargin","DIM;ROW_ONLY;INV_PERM","DIM=has all subsystems of equal dimension;ROW_ONLY=0;INV_PERM=0","1","false","exactly_1_outputs","PX","Permutes subsystems within a state or operator","http://www.qetlab.com/PermuteSystems","Nathaniel Johnston (nathaniel@njohnston.ca) and Mateus Araújo","opt_args","","opt_args","opt_args","","explicit","issparse;sparse","explicit_full_call","","","deterministic_no_direct_or_transitive_rng_calls_detected","tensor_and_subsystem_operations","permute_subsystems","permute_subsystems(input, dims; permutation, inverse=false, rows_only=false)","PermuteSystems","verified","local_tests_pass_matlab_differential_not_run","api_docstring_and_migration_mapping_present","local_quick_smoke_recorded","qetlab-bsd-2-clause-license-verified","manually_reviewed_tier_a_mapping","Local Julia and compatibility-wrapper tests pass; MATLAB differential parity has not been run.;Native code accepts reusable plans and explicit row/column plans for rectangular operators.","calls full(...); densification conditions and size limits require review;MATLAB varargin/default semantics require manual review","104"
"PolynomialAsMatrix.m","3ed2a818b0a3196f17063f3af419719317f1f7bd3b132e41e3e44fef5df7e062","d8589610f00cff106537268dee2e2a1153f3a601","PolynomialAsMatrix","public","function M = PolynomialAsMatrix(p,n,d,varargin)","p;n;d;varargin","K","K=0","1","false","exactly_1_outputs","M","Creates a compact fully symmetric matrix representation of a polynomial","http://www.qetlab.com/PolynomialAsMatrix","Nathaniel Johnston (nathaniel@njohnston.ca)","","","opt_args;symind;symindfind","opt_args;symind;symindfind","CVX","explicit","sparse","none_detected","","","deterministic_no_direct_or_transitive_rng_calls_detected","polynomial_optimization","polynomial_as_matrix","polynomial_as_matrix(coefficients, variables, half_degree; level=0, sparse_output=true, max_dimension)","PolynomialAsMatrix","verified","local_known-matrices_reconstruction_random-identities_exact_sparse_precision_overflow-wrapper-and-julia-1.10-tests-pass_matlab-not-run","dedicated-basis-identity-resource-symbolic-boundary-api-docstring-and-migration-mapping-present","local_quick_smoke_recorded","qetlab-bsd-2-clause-license-verified","source_reviewed_and_implemented_2026_07_30","CVX and other symbolic expressions are explicitly outside this solver-free mapping and are not silently converted.;Integer and rational polynomial data remain exact until square-root basis scaling requires a real floating matrix; Float32 and Float64 precision are retained.;The numeric construction uses a fixed QETLAB-compatible compact normalized monomial basis, checked coefficient length, exact factorial algebra, sparse output by default, and preallocation combinatorial guards.","CVX solver status and failure semantics require an explicit Julia design;MATLAB varargin/default semantics require manual review","131"
"PolynomialOptimize.m","b70a02cc12c9b341a0aaf11e22a4e0382d3e5c18f9b345ff7e08791ad59a24d7","d8589610f00cff106537268dee2e2a1153f3a601","PolynomialOptimize","public","function [ob,ib] = PolynomialOptimize(p,n,d,k,varargin)","p;n;d;k;varargin","OPTTYPE;TARGET","OPTTYPE='max';TARGET='none'","2","false","exactly_2_outputs","ob;ib","Bounds the optimal value of a homogeneous polynomial on the unit sphere","http://www.qetlab.com/PolynomialOptimize","Nathaniel Johnston (nathaniel@njohnston.ca)","","","exp2ind;opt_args;poly_rand_input;PolynomialAsMatrix;sum_vector;symind","exp2ind;opt_args;poly_rand_input;PolynomialAsMatrix;sum_vector;symind","CVX","not_declared","","explicit_full_call","","poly_rand_input","implicit_matlab_global_rng_transitive_via:poly_rand_input","polynomial_optimization","polynomial_bounds","polynomial_bounds(rng::AbstractRNG, coefficients, variables, half_degree, level; sense=:max, target=nothing, inner_samples=0, max_dimension)","PolynomialOptimize","verified","local_outer-bound_feasible-inner_rng-target-sign_precision_sparse-budget-wrapper-and-julia-1.10-tests-pass_matlab-not-run","dedicated-structured-bound-rng-target-resource-symbolic-boundary-api-docstring-and-migration-mapping-present","local_quick_smoke_recorded","qetlab-bsd-2-clause-license-verified","source_reviewed_and_implemented_2026_07_30","A mandatory explicit RNG and exact inner_samples replace the pinned global random stream and wall-clock-derived budget; no draws occur when sampling is zero or skipped by the outer target.;Maximization is computed directly, correcting the pinned recursion's target-sign defect. Symbolic and solver-backed polynomial branches are explicitly outside this solver-free mapping.;The structured result distinguishes a padded hierarchy outer bound from a sampled feasible inner value and retains the best point, exact sample count, work, uncertainty, and target conclusion.","behavior depends on MATLAB input/output arity;calls full(...); densification conditions and size limits require review;CVX solver status and failure semantics require an explicit Julia design;MATLAB varargin/default semantics require manual review;transitively uses implicit MATLAB global RNG via poly_rand_input","114"
"PolynomialSOS.m","052b0b7b33ebcad023635afcfb9e5f61cdefb1690890ae51018790c80a901faf","d8589610f00cff106537268dee2e2a1153f3a601","PolynomialSOS","public","function [ob,ib] = PolynomialSOS(p,n,d,k,varargin)","p;n;d;k;varargin","OPTTYPE;TARGET","OPTTYPE='max';TARGET='none'","2","false","exactly_2_outputs","ob;ib","Bounds the optimal value of a homogeneous polynomial on the unit sphere via the Sum-Of-Squares hierarchy","http://www.qetlab.com/PolynomialSOS","Nathaniel Johnston (nathaniel@njohnston.ca)","","","opt_args;PartialTranspose;poly_rand_input;PolynomialAsMatrix;symind;SymmetricProjection","opt_args;PartialTranspose;poly_rand_input;PolynomialAsMatrix;symind;SymmetricProjection","CVX","not_declared","","none_detected","","poly_rand_input","implicit_matlab_global_rng_transitive_via:poly_rand_input","polynomial_optimization","polynomial_sos_bounds","polynomial_sos_bounds(rng::AbstractRNG, coefficients, variables, half_degree, level; sense=:max, target=nothing, backend, inner_samples)","PolynomialSOS","verified","local-53-core-27-shared-compatibility-and-39-hypatia-scs-status-residual-rng-target-limit-failure-assertions-pass-on-julia-1.10-and-1.12_matlab-and-cvx-not-run","native-and-compatibility-docstrings_dedicated-sos-formulation-bound-status-rng-target-resource-and-migration-page-present","local_quick_smoke_recorded","qetlab-bsd-2-clause-license-verified","source_reviewed_and_implemented_2026_07_30","An explicit RNG and exact inner_samples replace the pinned global random stream and wall-clock-derived budget; target-proven calls skip sampling without consuming the RNG.;Outer relaxation bounds, attained sampled inner values, target decisions, moment matrices, and full optimizer evidence remain separate in a stable result type.;The package-owned primal symmetric-moment SDP preserves PSD, trace-one, and lifted partial-transpose-invariance constraints and requires an explicit optional backend.","behavior depends on MATLAB input/output arity;CVX solver status and failure semantics require an explicit Julia design;MATLAB varargin/default semantics require manual review;transitively uses implicit MATLAB global RNG via poly_rand_input","115"
"Purity.m","3b2e94232e4064ffc1d3ae2219712f18a3839689507598a229120c114f2992d4","d8589610f00cff106537268dee2e2a1153f3a601","Purity","public","function gamma = Purity(rho)","rho","","","1","false","exactly_1_outputs","gamma","Computes the purity of a quantum state","http://www.qetlab.com/Purity","Nathaniel Johnston (nathaniel@njohnston.ca)","","","","","","not_declared","","none_detected","","","deterministic_no_direct_or_transitive_rng_calls_detected","quantum_states","purity","purity(rho; atol=nothing, rtol=nothing, allow_densify=false)","Purity","verified","local_strict_native_and_unchecked_wrapper_semantics_validation_and_octave_fixture_tests_pass_matlab_not_run","api_docstring_and_migration_mapping_present","local_quick_smoke_recorded","qetlab-bsd-2-clause-license-verified","manually_reviewed_tier_d_mapping","Local native/wrapper distinction, invalid-input, benchmark, and supplemental Octave/QETLAB fixture tests pass; MATLAB was not run.;MATLABCompat.Purity deliberately preserves QETLAB's unchecked real(tr(RHO^2)) operation for finite square matrices rather than delegating to stricter state validation.;The native API validates a normalized positive semidefinite density matrix before computing tr(rho^2).","","17"
"RandomDensityMatrix.m","89ad841bbdab6dd3ada1ae0dc36ac0bdc7c202b3d35f7686ac7fef68c19e4d3e","d8589610f00cff106537268dee2e2a1153f3a601","RandomDensityMatrix","public","function rho = RandomDensityMatrix(dim,varargin)","dim;varargin","RE;K;DIST","RE=0;K=DIM;DIST='haar'","1","false","exactly_1_outputs","rho","Generates a random density matrix","http://www.qetlab.com/RandomDensityMatrix","Nathaniel Johnston (nathaniel@njohnston.ca)","opt_args;RandomUnitary","","opt_args;RandomUnitary","opt_args;RandomUnitary","","not_declared","","none_detected","randn","RandomUnitary","implicit_matlab_global_rng_direct:randn","random_generation","random_density_matrix","random_density_matrix(rng::AbstractRNG, dim; real=false, rank=dim, distribution=:hilbert_schmidt)","RandomDensityMatrix","verified","local_seeded_psd_trace_rank_bures_reproducibility_wrapper_and_global_rng_isolation_tests_pass","api_docstring_rng_contract_focused_page_migration_and_reproducibility_docs_present","not_started","qetlab-bsd-2-clause-license-verified","manually_reviewed_tier_b_mapping","Hilbert-Schmidt/induced and Bures paths consume only the supplied RNG.;PSD, trace, rank, reproducibility, and global-stream isolation are tested locally; cross-language streams are not compared.","implicit MATLAB global RNG; Julia API must accept an explicit rng;MATLAB varargin/default semantics require manual review","45"
"RandomGraph.m","2091cf9d3967b59b77e49c2e24d558b7114e949d46d1cb2c63b29bed5acbc184","d8589610f00cff106537268dee2e2a1153f3a601","RandomGraph","public","function A = RandomGraph(n,varargin)","n;varargin","P","P=0.5","1","false","exactly_1_outputs","A","Generates the adjacency matrix of a random graph","http://www.qetlab.com/RandomGraph","Nathaniel Johnston (nathaniel@njohnston.ca)","","","opt_args","opt_args","","not_declared","","none_detected","rand","","implicit_matlab_global_rng_direct:rand","random_generation","random_graph","random_graph(rng::AbstractRNG, n; edge_probability=0.5)","RandomGraph","verified","local_seeded_graph_property_reproducibility_wrapper_and_global_rng_isolation_tests_pass","api_docstring_rng_contract_focused_page_migration_and_reproducibility_docs_present","not_started","qetlab-bsd-2-clause-license-verified","manually_reviewed_tier_b_mapping","Boundary probabilities, reproducibility, and global-stream isolation are tested; cross-language streams are not compared.;Native output is a symmetric loop-free BitMatrix; the wrapper returns a floating-point matrix.","implicit MATLAB global RNG; Julia API must accept an explicit rng;MATLAB varargin/default semantics require manual review","34"
"RandomPOVM.m","1de9a1688b9f57838a72ee868b758dbd06ee1f1243ccee4e687244cb2b590ae0","d8589610f00cff106537268dee2e2a1153f3a601","RandomPOVM","public","function P = RandomPOVM(dim,outc,varargin)","dim;outc;varargin","RE","RE=0","1","false","exactly_1_outputs","P","Generates a random positive-operator valued measure","http://www.qetlab.com/RandomPOVM","Nathaniel Johnston (nathaniel@njohnston.ca)","opt_args;RandomSuperoperator","","opt_args;RandomSuperoperator","opt_args;RandomSuperoperator","","not_declared","","none_detected","","RandomSuperoperator","implicit_matlab_global_rng_transitive_via:RandomSuperoperator","random_generation","random_povm","random_povm(rng::AbstractRNG, dim, outcomes; real=false)","RandomPOVM","verified","local_seeded_psd_completeness_reproducibility_wrapper_and_global_rng_isolation_tests_pass","api_docstring_rng_contract_focused_page_migration_and_reproducibility_docs_present","not_started","qetlab-bsd-2-clause-license-verified","manually_reviewed_tier_b_mapping","Effect PSD, completeness, reproducibility, and global-stream isolation are tested; no cross-language stream comparison is claimed.;The native implementation uses a Haar isometry and deliberately does not depend on RandomSuperoperator.","MATLAB varargin/default semantics require manual review;transitively uses implicit MATLAB global RNG via RandomSuperoperator","40"
"RandomPPTState.m","e5208eac2c04dac95051d8c5850bb6fdaaca6430117416d0675b2c9a26ef04fd","d8589610f00cff106537268dee2e2a1153f3a601","RandomPPTState","public","function rho = RandomPPTState(dim,varargin)","dim;varargin","RNK;TOL;MAX_ITS","RNK=DIM(1)*DIM(2);TOL=10^(-12);MAX_ITS=infinity","1","false","exactly_1_outputs","rho","Generates a random density matrix with positive partial transpose, and optionally low rank","http://www.qetlab.com/RandomPPTState","Nathaniel Johnston (nathaniel@njohnston.ca)","","","opt_args;PartialTranspose;RandomDensityMatrix","opt_args;PartialTranspose;RandomDensityMatrix","","not_declared","","none_detected","","RandomDensityMatrix","implicit_matlab_global_rng_transitive_via:RandomDensityMatrix","random_generation","random_ppt_state","random_ppt_state(rng::AbstractRNG, dims; ranks=nothing, construction=:auto, real=false, T=Float64, atol=nothing, rtol=nothing, max_iterations=1, max_dense_entries=1000000, max_work=100000000)","RandomPPTState","verified","local_seeded-full-low-rank_real-complex_float32_psd-trace-ppt-rank_ownership-resource-no-draw-rng-isolation-compatibility-invalid-and-julia-1.10-tests-plus-source-free-octave-property-fixture-pass_matlab-not-run","complete_native-and-compatibility-docstrings_random-ppt-guide_states-random-guide_api-navigation_migration-and-oracle-evidence-present","local_full-rank-2x3-quick-smoke-case-added","qetlab-bsd-2-clause-license-verified","source_reviewed_and_implemented_wp3_2026_07_30","A matrix is populated as state only after independent Hermiticity, PSD, trace-one, partial-transpose PSD, and numerical-rank checks; failed candidates remain separately labeled diagnostics.;Every native and compatibility call requires an explicit RNG. Allocation/work/zero-iteration exits occur before the first draw, and the process-global random stream is never read or mutated.;Full-rank requests use a single shifted-induced construction with an explicit PPT margin; low-rank requests use a bounded convex mixture of random product states, guaranteeing PSD, PPT, and both documented upper rank bounds without an unbounded pseudoinverse loop.;The source-free Octave fixture supplies property evidence rather than entrywise random agreement because Julia and MATLAB/Octave do not share an RNG algorithm; MATLAB was not run.","MATLAB varargin/default semantics require manual review;transitively uses implicit MATLAB global RNG via RandomDensityMatrix","138"
"RandomProbabilities.m","0bdbd4f452d82c8ddd6af97352d2ded5c236957045632d0cef810a5ded37e911","d8589610f00cff106537268dee2e2a1153f3a601","RandomProbabilities","public","function p = RandomProbabilities(n)","n","","","1","false","exactly_1_outputs","p","Generates a random probability vector","http://www.qetlab.com/RandomProbabilities","Nathaniel Johnston (nathaniel@njohnston.ca)","","","","","","not_declared","","none_detected","rand","","implicit_matlab_global_rng_direct:rand","random_generation","random_probabilities","random_probabilities(rng::AbstractRNG, n)","RandomProbabilities","verified","local_seeded_simplex_reproducibility_wrapper_and_global_rng_isolation_tests_pass","api_docstring_rng_contract_focused_page_migration_and_reproducibility_docs_present","not_started","qetlab-bsd-2-clause-license-verified","manually_reviewed_tier_b_mapping","Both API layers require an explicit RNG and leave Julia's global stream unchanged.;Distributional properties are tested locally; unrelated Julia and MATLAB-family streams are not compared.","implicit MATLAB global RNG; Julia API must accept an explicit rng","21"
"RandomStateVector.m","447705975fcaa9d7dcfe8ccd1b9389b51550071464e19a31f24404bbcb46eaae","d8589610f00cff106537268dee2e2a1153f3a601","RandomStateVector","public","function v = RandomStateVector(dim,varargin)","dim;varargin","RE;K","RE=0;K=0","1","false","exactly_1_outputs","v","Generates a random pure state vector","http://www.qetlab.com/RandomStateVector","Nathaniel Johnston (nathaniel@njohnston.ca)","iden;MaxEntangled;opt_args;PermuteSystems;Swap","","MaxEntangled;opt_args;Swap","iden;MaxEntangled;opt_args;PermuteSystems;Swap","","explicit","speye","none_detected","randn","","implicit_matlab_global_rng_direct:randn","random_generation","random_state_vector","random_state_vector(rng::AbstractRNG, dimension; real=false, schmidt_rank=nothing)","RandomStateVector","verified","local_seeded_norm_rank_reproducibility_wrapper_and_global_rng_isolation_tests_pass","api_docstring_rng_contract_focused_page_migration_and_reproducibility_docs_present","not_started","qetlab-bsd-2-clause-license-verified","manually_reviewed_tier_b_mapping","Both API layers require an explicit RNG and leave Julia's global stream unchanged.;Normalization and requested Schmidt-rank bounds are property-tested; cross-language streams are not compared.","implicit MATLAB global RNG; Julia API must accept an explicit rng;MATLAB varargin/default semantics require manual review","59"
"RandomSuperoperator.m","ac2862092569e0878c0f5dac68f4cd58670992ae44adea26d2d7dfb36c07d96f","d8589610f00cff106537268dee2e2a1153f3a601","RandomSuperoperator","public","function Phi = RandomSuperoperator(dim,varargin)","dim;varargin","TP;UN;RE;KR","TP=1;UN=0;RE=0;KR=prod(DIM)","1","false","exactly_1_outputs","Phi","Generates a random superoperator","http://www.qetlab.com/RandomSuperoperator","Nathaniel Johnston (nathaniel@njohnston.ca)","iden;MaxEntangled;OperatorSinkhorn;opt_args;PartialTrace;PermuteSystems;RandomDensityMatrix;RandomStateVector;RandomUnitary;SchmidtDecomposition;Swap","","OperatorSinkhorn;opt_args;PartialTrace;RandomDensityMatrix","iden;MaxEntangled;OperatorSinkhorn;opt_args;PartialTrace;PermuteSystems;RandomDensityMatrix;RandomStateVector;RandomUnitary;SchmidtDecomposition;Swap","","not_declared","","none_detected","","RandomDensityMatrix;RandomStateVector;RandomUnitary","implicit_matlab_global_rng_transitive_via:RandomDensityMatrix,RandomStateVector,RandomUnitary","random_generation","random_superoperator","random_superoperator(rng::AbstractRNG, dim; trace_preserving=true, unital=false, proportional_unital=false, real=false, kraus_rank=nothing, representation=:kraus, T=Float64, atol=0, rtol=nothing, max_attempts=8, max_iterations=1000, max_condition_number=nothing, max_dimension=4096, max_entries=10000000, max_work=1000000000)","RandomSuperoperator","verified","local_139-focused-and-106-supplemental-property-oracle-assertions-pass_on-julia-1.12.6-and-1.10.11_matlab-not-run","complete_native-and-compatibility-docstrings_focused-guide_api-navigation_migration-and-oracle-evidence-present","three_local_cases_added_targeted_smoke_pending","qetlab-bsd-2-clause-license-verified","manually_reviewed_wp2_mapping","All four pinned marginal branches are covered with an explicit RNG, Kraus complete-positivity certificate, rank diagnostics, and bounded retries/work; raw Choi output remains available through the compatibility wrapper.;Five source-free Octave 11.3 fixtures are supplemental property evidence because random matrices are not compared entrywise across unrelated RNG algorithms; MATLAB was unavailable.;Pinned permissive non-Boolean flags, oversized ranks, global RNG use, and unbounded retry behavior are deliberately corrected rather than reproduced.;Strict TP plus unitality is rejected for unequal dimensions; the pinned proportional-output behavior is retained only through the explicit proportional_unital correction and compatibility opt-in.","MATLAB varargin/default semantics require manual review;transitively uses implicit MATLAB global RNG via RandomDensityMatrix, RandomStateVector, RandomUnitary","77"
"RandomUnitary.m","4572f226a2a8bdaaa99129f6fb2745f9e243117764eb6087ed666b56ca54fb76","d8589610f00cff106537268dee2e2a1153f3a601","RandomUnitary","public","function U = RandomUnitary(dim,varargin)","dim;varargin","RE","RE=0","1","false","exactly_1_outputs","U","Generates a random unitary or orthogonal matrix","http://www.qetlab.com/RandomUnitary","Nathaniel Johnston (nathaniel@njohnston.ca)","opt_args","","opt_args","opt_args","","not_declared","","none_detected","randn","","implicit_matlab_global_rng_direct:randn","random_generation","random_unitary","random_unitary(rng::AbstractRNG, dim; real=false)","RandomUnitary","verified","local_seeded_unitary_orthogonal_reproducibility_wrapper_and_global_rng_isolation_tests_pass","api_docstring_rng_contract_focused_page_migration_and_reproducibility_docs_present","not_started","qetlab-bsd-2-clause-license-verified","manually_reviewed_tier_b_mapping","The phase-corrected QR construction consumes only the supplied RNG.;Unitary/orthogonal properties and global-stream isolation are tested; cross-language streams are not compared.","implicit MATLAB global RNG; Julia API must accept an explicit rng;MATLAB varargin/default semantics require manual review","39"
"Realignment.m","836fea61ec06a1e9e9f5c4591991d25af6c0aa41edd33c287bd680d72ece8ca3","d8589610f00cff106537268dee2e2a1153f3a601","Realignment","public","function RX = Realignment(X,varargin)","X;varargin","DIM","DIM=has all subsystems of equal dimension","1","false","exactly_1_outputs","RX","Computes the realignment of a bipartite operator","http://www.qetlab.com/Realignment","Nathaniel Johnston (nathaniel@njohnston.ca)","opt_args;PartialTranspose;PermuteSystems;Swap","","opt_args;PartialTranspose;Swap","opt_args;PartialTranspose;PermuteSystems;Swap","","not_declared","","none_detected","","","deterministic_no_direct_or_transitive_rng_calls_detected","tensor_and_subsystem_operations","realign","realign(matrix, dims; systems=(1,)); realign(matrix, row_dims, column_dims; systems=(1,))","Realignment","verified","local_property_and_wrapper_tests_pass_matlab_differential_not_run","api_docstring_and_migration_mapping_present","local_quick_smoke_recorded","qetlab-bsd-2-clause-license-verified","manually_reviewed_tier_a_mapping","Basis-map, round-trip, sparse, rectangular, and compatibility-wrapper tests pass locally; MATLAB differential parity has not been run.;The native API generalizes the pinned bipartite map to an explicit subsystem partition and supplies a project-native exact inverse.","MATLAB varargin/default semantics require manual review","51"
"ReductionMap.m","35a60888bd3d331fcd9f6d25ad9b37d394bf8a02627202fb93892f98ec3a6af0","d8589610f00cff106537268dee2e2a1153f3a601","ReductionMap","public","function R = ReductionMap(dim,varargin)","dim;varargin","K","K=1","1","false","exactly_1_outputs","R","Produces the reduction map","http://www.qetlab.com/ReductionMap","Nathaniel Johnston (nathaniel@njohnston.ca)","iden;MaxEntangled;opt_args","","MaxEntangled;opt_args","iden;MaxEntangled;opt_args","","explicit","speye","none_detected","","","deterministic_no_direct_or_transitive_rng_calls_detected","quantum_channels_and_maps","reduction_map","reduction_map(dim, k=1)","ReductionMap","verified","local_formula_general_map_wrapper_and_octave_fixture_tests_pass_matlab_not_run","api_docstring_and_migration_mapping_present","not_started","qetlab-bsd-2-clause-license-verified","manually_reviewed_tier_c_mapping","Local formula/application, invalid-dimension, wrapper, and supplemental Octave/QETLAB fixture tests pass; MATLAB was not run.;The compatibility wrapper returns the raw QETLAB Choi matrix.;The native constructor returns a typed sparse general-map representation and does not infer or claim positivity or complete positivity.","MATLAB varargin/default semantics require manual review","27"
"RelEntCoherence.m","d449e4c206387b711ca7ea0e1427618e781dc22845649bb83bd3e49cb9a9f0b5","d8589610f00cff106537268dee2e2a1153f3a601","RelEntCoherence","public","function REC = RelEntCoherence(rho)","rho","","","1","false","exactly_1_outputs","REC","Computes the relative entropy of coherence of a quantum state","http://www.qetlab.com/RelEntCoherence","Nathaniel Johnston (nathaniel@njohnston.ca)","Entropy;pure_to_mixed","","Entropy;pure_to_mixed","Entropy;pure_to_mixed","","not_declared","","none_detected","","","deterministic_no_direct_or_transitive_rng_calls_detected","quantum_coherence","relative_entropy_coherence","relative_entropy_coherence(state; base, atol=nothing, rtol=nothing, allow_densify=false)","RelEntCoherence","verified","local_analytic_base_generic_sparse_wrapper_and_octave_fixture_tests_pass_matlab_not_run","api_docstring_focused_page_and_migration_mapping_present","local_quick_smoke_recorded","qetlab-bsd-2-clause-license-verified","manually_reviewed_tier_e_coherence_mapping","Local analytic, base-validation, generic, sparse, wrapper, benchmark, and supplemental Octave/QETLAB fixture tests pass; MATLAB was not run.;Pure-vector evaluation supports generic floating precision, while density-matrix entropy uses the strict spectral validation policy.;The native API requires an explicit logarithm base; MATLABCompat.RelEntCoherence keeps QETLAB's base-two default.","","19"
"RobkCohValue.m","99f9eaf6c0f87ee4d72bbe50aa6dbc04d824b75fda431c4417de3e5e7fe8a7c5","d8589610f00cff106537268dee2e2a1153f3a601","RobkCohValue","public","function [rob,l] = RobkCohValue(v,k)","v;k","","","2","false","exactly_2_outputs","rob;l","Computes the robustness of k-coherence of a pure quantum state","","Nathaniel Johnston (nathaniel@njohnston.ca)","","","","","","not_declared","","none_detected","","","deterministic_no_direct_or_transitive_rng_calls_detected","quantum_coherence","pure_k_coherence_robustness","pure_k_coherence_robustness(state, k; atol=nothing, rtol=nothing)","RobkCohValue","verified","local_theorem_complex_phase_permutation_branch_boundary_precision_validation_wrapper_and_octave_fixture_tests_pass_matlab_not_run","api_docstring_focused_page_and_migration_mapping_present","local_quick_smoke_recorded","qetlab-bsd-2-clause-license-verified","manually_reviewed_theorem_backed_mapping","Eight theorem-domain Octave/QETLAB fixtures agree; three additional fixtures retain the reviewed upstream discrepancies. MATLAB was not run.;The native implementation follows Theorem 1 on sorted coefficient magnitudes, validates finite normalized complex pure states and k in 2:n, and retains adjacent branch-gap diagnostics without using tolerances to change branch selection.;The two-output compatibility wrapper intentionally corrects the pinned routine's unsafe unsorted, complex-phase, and nonnormalized input behavior.","no upstream documentation URL annotation found","27"
"RobustnessCoherence.m","b8af3c8f056ba49ad703e361b1b6f8554776747b0790efefed34a359a28b7986","d8589610f00cff106537268dee2e2a1153f3a601","RobustnessCoherence","public","function RoC = RobustnessCoherence(rho)","rho","","","1","false","exactly_1_outputs","RoC","Computes the robustness of coherence of a quantum state","http://www.qetlab.com/RobustnessCoherence","Nathaniel Johnston (nathaniel@njohnston.ca)","CVX;L1NormCoherence;pure_to_mixed","","L1NormCoherence;pure_to_mixed","L1NormCoherence;pure_to_mixed","CVX","not_declared","","none_detected","","","deterministic_no_direct_or_transitive_rng_calls_detected","quantum_coherence","robustness_coherence","robustness_coherence(state; backend=NoOptimizationBackend(), strategy=:auto, atol=nothing, rtol=nothing, limits=OptimizationLimits(), allow_densify=false)","RobustnessCoherence","verified","local-386-shared-core-compatibility-plus-88-hypatia-scs-and-51-source-free-oracle-assertions-pass-on-julia-1.10-and-1.12_matlab-not-run","native-and-compatibility-docstrings_dedicated-analytic-sdp-noise-result-resource-and-migration-page-present","local_quick_smoke_recorded","qetlab-bsd-2-clause-license-verified","source_reviewed_and_implemented_2026_07_30","Pure-state, qubit, and diagonal branches are exact and construct checked free/noise evidence.;The general mixed-state branch is a package-owned SDP with explicit backend, limits, residuals, closest free state, unnormalized noise, and structured failure status.","CVX solver status and failure semantics require an explicit Julia design","50"
"SchattenNorm.m","cbb3fe3e899f4dfb241bacd2cee3e979f643a55e540d1bbeb600459a01c41566","d8589610f00cff106537268dee2e2a1153f3a601","SchattenNorm","public","function nrm = SchattenNorm(X,p)","X;p","","","1","false","exactly_1_outputs","nrm","Computes the Schatten p-norm of an operator","http://www.qetlab.com/SchattenNorm","Nathaniel Johnston (nathaniel@njohnston.ca)","kpNorm","","kpNorm","kpNorm","","not_declared","","none_detected","","","deterministic_no_direct_or_transitive_rng_calls_detected","linear_algebra_and_matrix_analysis","schatten_norm","schatten_norm(matrix, p; allow_densify=false)","SchattenNorm","verified","local_analytic_invalid_sparse_wrapper_and_octave_fixture_tests_pass_matlab_not_run","api_docstring_and_migration_mapping_present","local_quick_smoke_recorded","qetlab-bsd-2-clause-license-verified","manually_reviewed_tier_d_mapping","Local analytic, invalid-input, wrapper, benchmark, and supplemental Octave/QETLAB fixture tests pass; MATLAB was not run.;The dependency-free implementation computes a full SVD and sparse inputs require an explicit allow_densify=true opt-in.;The native and compatibility paths validate real p >= 1, including p=Inf.","","17"
"SchmidtDecomposition.m","1204afc8cd42b431d24224193e8ace0efd854e5437cee6823272006e410f30dc","d8589610f00cff106537268dee2e2a1153f3a601","SchmidtDecomposition","public","function [s,u,v] = SchmidtDecomposition(vec,varargin)","vec;varargin","DIM;K","DIM=[sqrt(length(VEC)),sqrt(length(VEC))];K=0","3","false","exactly_3_outputs","s;u;v","Computes the Schmidt decomposition of a bipartite vector","http://www.qetlab.com/SchmidtDecomposition","Nathaniel Johnston (nathaniel@njohnston.ca)","opt_args","","opt_args","opt_args","","explicit","issparse","explicit_full_call","","","deterministic_no_direct_or_transitive_rng_calls_detected","entanglement","schmidt_decomposition","schmidt_decomposition(psi, dims; allow_densify=false)","SchmidtDecomposition","verified","local_phase_independent_reconstruction_shape_k_selection_sparse_wrapper_and_octave_fixture_tests_pass_matlab_not_run","api_docstring_migration_and_entanglement_semantics_docs_present","local_quick_smoke_recorded","qetlab-bsd-2-clause-license-verified","manually_reviewed_tier_d_mapping","Reconstruction is tested phase-independently; local shape, sparse, wrapper, benchmark, and supplemental Octave/QETLAB coefficient fixtures pass, while singular vectors are not compared entrywise.;The compatibility wrapper returns a named tuple rather than three positional MATLAB outputs and preserves the reviewed K=-1, K=0, and positive-K selection semantics.;The native API returns a typed SchmidtDecompositionResult containing the full thin decomposition.","calls full(...); densification conditions and size limits require review;MATLAB varargin/default semantics require manual review","71"
"SchmidtRank.m","1a46606accc87a2060b9644a4fa334025618978f4a64ebb37784382868a8336d","d8589610f00cff106537268dee2e2a1153f3a601","SchmidtRank","public","function rnk = SchmidtRank(vec,varargin)","vec;varargin","DIM;TOL","DIM=[sqrt(length(VEC)),sqrt(length(VEC))];TOL=sqrt(length(VEC))*eps(norm(VEC))","1","false","exactly_1_outputs","rnk","Computes the Schmidt rank of a bipartite vector","http://www.qetlab.com/SchmidtRank","Nathaniel Johnston (nathaniel@njohnston.ca)","opt_args;sporth","","opt_args;sporth","opt_args;sporth","","explicit","issparse","none_detected","","","deterministic_no_direct_or_transitive_rng_calls_detected","entanglement","schmidt_rank","schmidt_rank(psi, dims; atol=nothing, rtol=nothing, allow_densify=false)","SchmidtRank","verified","local_rank_threshold_sparse_wrapper_and_octave_fixture_tests_pass_matlab_not_run","api_docstring_migration_and_entanglement_semantics_docs_present","local_quick_smoke_recorded","qetlab-bsd-2-clause-license-verified","manually_reviewed_tier_d_mapping","Local threshold, invalid-input, wrapper, benchmark, and supplemental Octave/QETLAB fixture tests pass; MATLAB was not run.;The native return is explicitly a tolerance-defined numerical rank, not an exact algebraic rank claim.;The wrapper implements QETLAB's reviewed default threshold and treats a supplied TOL as a strict absolute singular-value threshold.","MATLAB varargin/default semantics require manual review","47"
"SkOperatorNorm.m","67fc32b39abb01fb1c098750b19de1ef0cadcf622d610ec9446d9d2a0d87eaac","d8589610f00cff106537268dee2e2a1153f3a601","SkOperatorNorm","public","function [lb,lwit,ub,uwit] = SkOperatorNorm(X,varargin)","X;varargin","K;DIM;STR;TARGET;TOL","K=1;DIM=has both subsystems of equal dimension;STR=2;TARGET=-1;TOL=eps^(3/8)","4","false","exactly_4_outputs","lb;lwit;ub;uwit","Bounds the S(k)-norm of an operator","http://www.qetlab.com/SkOperatorNorm","Nathaniel Johnston (nathaniel@njohnston.ca), based on joint work with David W. Kribs","CVX;iden;IsPSD;kpNorm;MaxEntangled;normalize_cols;opt_args;PartialMap;PartialTrace;PartialTranspose;PermuteSystems;Realignment;SchmidtDecomposition;SchmidtRank;sk_iterate;SkVectorNorm;sporth;Swap","","IsPSD;jacobi_poly;kpNorm;opt_args;PartialTrace;PartialTranspose;Realignment;sk_iterate;SkVectorNorm;SymmetricProjection","iden;IsPSD;jacobi_poly;kpNorm;MaxEntangled;normalize_cols;opt_args;PartialMap;PartialTrace;PartialTranspose;PermuteSystems;Realignment;SchmidtDecomposition;SchmidtRank;sk_iterate;SkVectorNorm;sporth;Swap;SymmetricProjection","CVX","not_declared","","explicit_full_call","","sk_iterate","implicit_matlab_global_rng_transitive_via:sk_iterate","linear_algebra_and_matrix_analysis","sk_operator_norm","sk_operator_norm(rng, operator; k=1, dims=nothing, strength=2, target=nothing, backend=NoOptimizationBackend(), limits=OptimizationLimits(), kwargs...) -> SKOperatorNormResult","SkOperatorNorm","verified","local-148-core-compatibility-64-hypatia-scs-and-26-source-free-octave-oracle-assertions-pass-on-julia-1.10-and-1.12_matlab-not-run","native-docstrings_sk-block-positivity-guide_api-reference_migration_and-bound-witness-hierarchy-resource-contracts-present","local_quick_exact-and-bounded-smokes-recorded","qetlab-bsd-2-clause-license-verified","source_reviewed_2026_07_29","A mandatory explicit RNG and bounded projected search replace the pinned global-RNG helper; level-one PPT/reduction and higher k=1 bosonic-PPT models are package-owned and solver-neutral.;The native result separates analytic exact branches, explicit Schmidt-rank lower witnesses, theorem bounds, numerical SDP upper relaxations, target decisions, resource limits, and backend status.","behavior depends on MATLAB input/output arity;calls full(...); densification conditions and size limits require review;CVX solver status and failure semantics require an explicit Julia design;MATLAB varargin/default semantics require manual review;transitively uses implicit MATLAB global RNG via sk_iterate","309"
"SkVectorNorm.m","8e2d4c58e9d026a7dbd5b1fc61aa25b1cade23f21b10ce4e08a0fa2fff223604","d8589610f00cff106537268dee2e2a1153f3a601","SkVectorNorm","public","function nrm = SkVectorNorm(vec,varargin)","vec;varargin","K;DIM","K=1;DIM=has both subsystems of equal dimension","1","false","exactly_1_outputs","nrm","Computes the s(k)-norm of a vector","http://www.qetlab.com/SkVectorNorm","Nathaniel Johnston (nathaniel@njohnston.ca)","opt_args;SchmidtDecomposition","","opt_args;SchmidtDecomposition","opt_args;SchmidtDecomposition","","not_declared","","none_detected","","","deterministic_no_direct_or_transitive_rng_calls_detected","linear_algebra_and_matrix_analysis","schmidt_k_norm","schmidt_k_norm(psi, dims, k=1; allow_densify=false)","SkVectorNorm","verified","local_rectangular_product_entangled_zero_sparse_generic-full-spectrum_invalid_and-wrapper_tests_pass_matlab_not_run","complete_numeric_scope_api_docstrings_and_migration_mapping_present","not_started","qetlab-bsd-2-clause-license-verified","manually_reviewed_wp2_numeric_mapping","MATLABCompat.SkVectorNorm preserves the reviewed nearest-integer square-root default, scalar DIM expansion, and argument order; the default may infer a rectangular bipartition when it divides the vector length.;The dedicated native function returns the Euclidean norm of the k largest Schmidt coefficients for rectangular bipartite dimensions, with positive k clipped to the smaller subsystem.;The full-spectrum path uses norm(psi) without densification and preserves generic floating precision; truncated sparse or non-BLAS spectral work remains explicitly unsupported without an available factorization.","MATLAB varargin/default semantics require manual review","53"
"Swap.m","959321ab56ba5977cb99100872631a198c8734d836a402033efcb2374dd43d60","d8589610f00cff106537268dee2e2a1153f3a601","Swap","public","function SX = Swap(X,varargin)","X;varargin","SYS;DIM;ROW_ONLY","SYS=[1,2];DIM=[sqrt(length(X)),sqrt(length(X))];ROW_ONLY=0","1","false","exactly_1_outputs","SX","Swaps two subsystems within a state or operator","http://www.qetlab.com/Swap","Nathaniel Johnston (nathaniel@njohnston.ca)","opt_args;PermuteSystems","","opt_args;PermuteSystems","opt_args;PermuteSystems","","not_declared","","none_detected","","","deterministic_no_direct_or_transitive_rng_calls_detected","tensor_and_subsystem_operations","swap_subsystems","swap_subsystems(input, dims, first, second; rows_only=false)","Swap","verified","local_tests_pass_matlab_differential_not_run","api_docstring_and_migration_mapping_present","not_started","qetlab-bsd-2-clause-license-verified","manually_reviewed_tier_a_mapping","Local Julia and compatibility-wrapper tests pass; MATLAB differential parity has not been run.;Native code takes explicit subsystem labels and dimensions; the compatibility wrapper preserves QETLAB argument order and defaults.","MATLAB varargin/default semantics require manual review","62"
"SwapOperator.m","eebcbfdd24675cfd0369a90b3d266ed6fa041e80574c31bd907f93a8d8acb6d2","d8589610f00cff106537268dee2e2a1153f3a601","SwapOperator","public","function S = SwapOperator(dim,varargin)","dim;varargin","SP","SP=0","1","false","exactly_1_outputs","S","Produces a unitary operator that swaps two subsystems","http://www.qetlab.com/SwapOperator","Nathaniel Johnston (nathaniel@njohnston.ca)","iden;opt_args;PermuteSystems;Swap","","iden;opt_args;Swap","iden;opt_args;PermuteSystems;Swap","","not_declared","","none_detected","","","deterministic_no_direct_or_transitive_rng_calls_detected","tensor_and_subsystem_operations","swap_operator","swap_operator(dims; systems=(1, 2), T=Bool, sparse_output=true)","SwapOperator","verified","local_tests_pass_matlab_differential_not_run","api_docstring_and_migration_mapping_present","not_started","qetlab-bsd-2-clause-license-verified","manually_reviewed_tier_a_mapping","Local Julia and compatibility-wrapper tests pass; MATLAB differential parity has not been run.;Native output is sparse by default; the compatibility wrapper preserves QETLAB's dense default.","MATLAB varargin/default semantics require manual review","34"
"SymmetricExtension.m","ca8e1aaf9b3766a3e29bc1375eecf473cdb77bc71159a033411c77eacb6e7e59","d8589610f00cff106537268dee2e2a1153f3a601","SymmetricExtension","public","function [ex,wit] = SymmetricExtension(X,varargin)","X;varargin","K;DIM;PPT;BOS;TOL","K=2;DIM=has both subsystems of equal dimension;PPT=0;BOS=0;TOL=eps^(1/4)","2","false","exactly_2_outputs","ex;wit","Determines whether or not an operator has a symmetric extension","http://www.qetlab.com/SymmetricExtension","Nathaniel Johnston (nathaniel@njohnston.ca), with improvements by Mateus Araújo","CVX;IsPPT;IsPSD;opt_args;PartialTrace;PartialTranspose;PermutationOperator;PermuteSystems;sporth;SymmetricProjection","","IsPPT;IsPSD;opt_args;PartialTrace;PartialTranspose;SymmetricProjection","IsPPT;IsPSD;opt_args;PartialTrace;PartialTranspose;PermutationOperator;PermuteSystems;sporth;SymmetricProjection","CVX","explicit","speye","none_detected","","","deterministic_no_direct_or_transitive_rng_calls_detected","quantum_information_miscellaneous","symmetric_extension","symmetric_extension(state; order=2, dims=nothing, ppt=false, bosonic=false, backend=NoOptimizationBackend(), prefer_analytic=true, atol=nothing, rtol=nothing, allow_densify=false, max_dense_entries=1000000, max_order=8, limits=OptimizationLimits())","SymmetricExtension","verified","local_analytic-model-primal-dual-ppt-bosonic-boundary-resource-backend-compatibility-and-julia-1.10-tests-plus-five-source-free-octave-decisions-pass_matlab-and-cvx-not-run","complete_native-and-compatibility-docstrings_dedicated-hierarchy-guide_solver-guide_api-navigation_migration-and-oracle-evidence-present","local_two-qubit-analytic-and-bosonic-ppt-model-quick-smoke-cases-added","qetlab-bsd-2-clause-license-verified","source_reviewed_and_implemented_wp3_2026_07_30","Every returned primal extension is independently checked for Hermiticity, PSD, trace, marginal, permutation, bosonic support, and modeled PPT constraints. A solver dual becomes a normalized entanglement witness only after full cone/stationarity and Tr(WX)=-1 residual validation.;Hypatia and SCS exercise optional solver paths in an isolated extension environment; the committed Octave fixture covers five solver-free decisions. MATLAB and CVX were not run.;Solver-free order-one, two-qubit order-two, low-dimensional PPT, and universal robust-NPT branches are distinct from optional-backend results; numerical boundaries and unavailable, limited, malformed, or failed backends remain inconclusive.;The package-owned solver-neutral SDP uses A,B1,...,Bk tensor order, direct adjacent-copy symmetry equalities or an orthonormal bosonic compression, the AB1 marginal, positivity, and requested representative partial transposes.","behavior depends on MATLAB input/output arity;CVX solver status and failure semantics require an explicit Julia design;MATLAB varargin/default semantics require manual review","162"
"SymmetricInnerExtension.m","f73e38499197fb18c1ff9cff554fd77e13ab7ccfbe48590a25437cd70d7f39da","d8589610f00cff106537268dee2e2a1153f3a601","SymmetricInnerExtension","public","function [ex,wit] = SymmetricInnerExtension(X,varargin)","X;varargin","K;DIM;PPT;TOL","K=2;DIM=has both subsystems of equal dimension;PPT=0;TOL=eps^(1/4)","2","false","exactly_2_outputs","ex;wit","Determines whether or not an operator has a symmetric inner extension","http://www.qetlab.com/SymmetricInnerExtension","Nathaniel Johnston (nathaniel@njohnston.ca)","CVX;IsPPT;IsPSD;jacobi_poly;opt_args;PartialTrace;PartialTranspose;PermutationOperator;PermuteSystems;sporth;SymmetricProjection","","jacobi_poly;opt_args;PartialTrace;PartialTranspose;SymmetricProjection","IsPPT;IsPSD;jacobi_poly;opt_args;PartialTrace;PartialTranspose;PermutationOperator;PermuteSystems;sporth;SymmetricProjection","CVX","explicit","speye","none_detected","","","deterministic_no_direct_or_transitive_rng_calls_detected","quantum_information_miscellaneous","symmetric_inner_extension","symmetric_inner_extension(state; order=2, dims=nothing, ppt=false, backend=NoOptimizationBackend(), atol=nothing, rtol=nothing, allow_densify=false, max_dense_entries=1000000, max_order=8, limits=OptimizationLimits())","SymmetricInnerExtension","verified","local_nonppt-ppt-jacobi-model-primal-dual-warning-boundary-resource-backend-compatibility-and-julia-1.10-tests-plus-three-source-free-octave-jacobi-fixtures-pass_matlab-and-cvx-not-run","complete_native-and-compatibility-docstrings_dedicated-hierarchy-guide_solver-guide_api-navigation_migration-and-oracle-evidence-present","covered_by_shared-symmetric-extension-model-smoke_no-separate-case-required","qetlab-bsd-2-clause-license-verified","source_reviewed_and_implemented_wp3_2026_07_30","Hypatia exercises positive and negative solver paths in the isolated optional extension environment; MATLAB and CVX were not run.;Reconstructed primal extensions and dual stationarity are independently checked. A negative dual is explicitly marked as a separator from the selected inner cone and never automatically as an entanglement witness, preserving the upstream warning.;The Jacobi recurrence is private, exact in its coefficient construction, and independently compared with three pinned helper fixtures; no jacobi_poly name is exported.;The package-owned solver-neutral model uses an orthonormal symmetric-subspace compression and the published Navascues-Owari-Plenio non-PPT or Jacobi-root PPT mixing transform.","behavior depends on MATLAB input/output arity;CVX solver status and failure semantics require an explicit Julia design;MATLAB varargin/default semantics require manual review","124"
"SymmetricProjection.m","2d64957fb604a5b1584b77154513129ca7ed3ae181a60f744577b273ed2434b9","d8589610f00cff106537268dee2e2a1153f3a601","SymmetricProjection","public","function PS = SymmetricProjection(dim,varargin)","dim;varargin","P;PARTIAL;MODE","P=2;PARTIAL=0;MODE=-1","1","false","exactly_1_outputs","PS","Produces the projection onto the symmetric subspace","http://www.qetlab.com/SymmetricProjection","Nathaniel Johnston (nathaniel@njohnston.ca)","opt_args;PermutationOperator;PermuteSystems;sporth","","glob_ind;opt_args;PermutationOperator;sporth;sum_vector","glob_ind;opt_args;PermutationOperator;PermuteSystems;sporth;sum_vector","","explicit","sparse;speye","none_detected","","","deterministic_no_direct_or_transitive_rng_calls_detected","linear_algebra_and_matrix_analysis","symmetric_projector","symmetric_projector(local_dimension, copies=2; T=Float64, sparse_output=true); symmetric_subspace_basis(local_dimension, copies=2; T=Float64, sparse_output=true)","SymmetricProjection","verified","local_projector_basis_property_and_wrapper_tests_pass_matlab_differential_not_run","api_docstring_and_migration_mapping_present","local_quick_smoke_recorded","qetlab-bsd-2-clause-license-verified","manually_reviewed_tier_a_mapping","Projector, idempotence, orthonormal-basis, exact-rational, and compatibility-wrapper tests pass locally; MATLAB differential parity has not been run.;The native API separates projector and orthonormal-basis outputs; the wrapper preserves the QETLAB PARTIAL selector.","MATLAB varargin/default semantics require manual review","107"
"Tensor.m","e7d1ae2a86321630d83d48253dfd2757a487645ae7c981fbf5a4df674efc87c3","d8589610f00cff106537268dee2e2a1153f3a601","Tensor","public","function krn = Tensor(A,varargin)","A;varargin","","","1","false","exactly_1_outputs","krn","Kronecker tensor product of two or more matrices or vectors","http://www.qetlab.com/Tensor","Nathaniel Johnston (nathaniel@njohnston.ca)","","","dec_to_bin","dec_to_bin","","explicit","issparse","none_detected","","","deterministic_no_direct_or_transitive_rng_calls_detected","tensor_and_subsystem_operations","tensor_product","tensor_product(factors...; copies=nothing); tensor_power(factor, copies)","Tensor","verified","local_tests_pass_matlab_differential_not_run","api_docstring_and_migration_mapping_present","benchmark_cases_added_full_quick_suite_not_yet_rerun","qetlab-bsd-2-clause-license-verified","manually_reviewed_tier_a_mapping","Local Julia and compatibility-wrapper tests pass; MATLAB differential parity has not been run.;Native repeated products are split between tensor_product and tensor_power.","behavior depends on MATLAB input/output arity;MATLAB varargin/default semantics require manual review","64"
"TensorSum.m","2e81894b4db56a239ea2ac6d6e37876e68e3a7a7eebae5725458ad8793328bad","d8589610f00cff106537268dee2e2a1153f3a601","TensorSum","public","function ts = TensorSum(a1,a2,varargin)","a1;a2;varargin","","","1","false","exactly_1_outputs","ts","Computes a vector or operator from its tensor decomposition","http://www.qetlab.com/TensorSum","Nathaniel Johnston (nathaniel@njohnston.ca)","","","","","","explicit","sparse","none_detected","","","deterministic_no_direct_or_transitive_rng_calls_detected","tensor_and_subsystem_operations","tensor_sum","tensor_sum(factors...; weights=nothing)","TensorSum","verified","local_tests_pass_matlab_differential_not_run","api_docstring_and_migration_mapping_present","not_started","qetlab-bsd-2-clause-license-verified","manually_reviewed_tier_a_mapping","Local Julia and compatibility-wrapper tests pass; MATLAB differential parity has not been run.;Native weights are an explicit keyword; the compatibility wrapper preserves the weighted positional form.","MATLAB varargin/default semantics require manual review","67"
"TraceDistanceCoherence.m","f74de030eb833da8c1bd2352961e1080c652746fa11572812000f50a0cd2048b","d8589610f00cff106537268dee2e2a1153f3a601","TraceDistanceCoherence","public","function [TDC,D] = TraceDistanceCoherence(rho)","rho","","","2","false","exactly_2_outputs","TDC;D","Computes the trace distance of coherence of a quantum state","http://www.qetlab.com/TraceDistanceCoherence","Nathaniel Johnston (nathaniel@njohnston.ca)","CVX","","perm_inv","perm_inv","CVX","not_declared","","none_detected","","","deterministic_no_direct_or_transitive_rng_calls_detected","quantum_coherence","trace_distance_coherence","trace_distance_coherence(state; backend=NoOptimizationBackend(), strategy=:auto, atol=nothing, rtol=nothing, limits=OptimizationLimits(), allow_densify=false)","TraceDistanceCoherence","verified","local-386-shared-core-compatibility-plus-88-hypatia-scs-and-51-source-free-oracle-assertions-pass-on-julia-1.10-and-1.12_matlab-not-run","native-and-compatibility-docstrings_dedicated-pure-qubit-sdp-closest-state-result-resource-and-migration-page-present","local_quick_smoke_recorded","qetlab-bsd-2-clause-license-verified","source_reviewed_and_implemented_2026_07_30","Pure-state and qubit branches are exact; the general mixed-state trace-norm minimization uses explicit positive/negative PSD parts and a diagonal probability vector.;The native closest state is consistently a density matrix. The compatibility legacy-shaped output consistently returns its diagonal vector, correcting the pinned qubit output inconsistency.","CVX solver status and failure semantics require an explicit Julia design","132"
"TraceNorm.m","104d02884d04885ac17b2bbe89cf82b43fc25c20e696bbc48a212a27ac8f2e0a","d8589610f00cff106537268dee2e2a1153f3a601","TraceNorm","public","function nrm = TraceNorm(X)","X","","","1","false","exactly_1_outputs","nrm","Computes the trace norm of an operator","http://www.qetlab.com/TraceNorm","Nathaniel Johnston (nathaniel@njohnston.ca)","kpNorm","","kpNorm","kpNorm","","not_declared","","none_detected","","","deterministic_no_direct_or_transitive_rng_calls_detected","linear_algebra_and_matrix_analysis","trace_norm","trace_norm(matrix; allow_densify=false)","TraceNorm","verified","local_analytic_invalid_sparse_wrapper_and_octave_fixture_tests_pass_matlab_not_run","api_docstring_and_migration_mapping_present","local_quick_smoke_recorded","qetlab-bsd-2-clause-license-verified","manually_reviewed_tier_d_mapping","Local analytic, invalid-input, wrapper, benchmark, and supplemental Octave/QETLAB fixture tests pass; MATLAB was not run.;Sparse inputs are never densified implicitly and require allow_densify=true after allocation review.;The dependency-free native and compatibility implementations use a full singular-value decomposition.","","16"
"Twirl.m","a2ed4de3c937cb3e451d0b8e84508cdbe4b3bc23013558015d0e2b972853cd33","d8589610f00cff106537268dee2e2a1153f3a601","Twirl","public","function TX = Twirl(X,varargin)","X;varargin","TYPE;P","TYPE='werner';P=2","1","false","exactly_1_outputs","TX","Twirls a bipartite or multipartite operator","http://www.qetlab.com/Twirl","Nathaniel Johnston (nathaniel@njohnston.ca)","AntisymmetricProjection;BrauerStates;iden;MaxEntangled;opt_args;Pauli;perfect_matchings;perm_sign;PermutationOperator;PermuteSystems;sporth;SymmetricProjection;Tensor","","BrauerStates;MaxEntangled;opt_args;Pauli;PermutationOperator","AntisymmetricProjection;BrauerStates;iden;MaxEntangled;opt_args;Pauli;perfect_matchings;perm_sign;PermutationOperator;PermuteSystems;sporth;SymmetricProjection;Tensor","","explicit","sparse;speye","none_detected","","","deterministic_no_direct_or_transitive_rng_calls_detected","quantum_information_miscellaneous","twirl","twirl(operator; kind=:werner, copies=2, sparse_output=issparse(operator), allow_densify=false, max_basis_size=256, max_nonzeros=5_000_000, max_dense_entries=1_000_000, max_work=1_000_000_000)","Twirl","verified","local_analytic_property_generic_sparse_invalid_wrapper_and_octave_fixture_tests_pass_matlab_not_run","dedicated_docs_api_docstring_and_migration_mapping_present","local_quick_smoke_recorded","qetlab-bsd-2-clause-license-verified","source_reviewed_and_implemented_2026_07_30","All four pinned numeric branches are implemented through sparse permutation, maximally-entangled, Brauer, or Bell-projector spanning families.;Exact integer-Gram elimination removes dependent spanning operators without a floating pseudoinverse threshold; integer and rational inputs produce exact Rational{BigInt} outputs.;Factorial, double-factorial, exponential basis size, sparse stored entries, compact Gram/output densification, and conservative work are guarded before their corresponding allocations.;Strict validation requires exact local-dimension roots and exactly two copies for isotropic and Pauli twirls, correcting the pinned P < 2 under-validation.;The focused 149-assertion suite passes on Julia 1.12.6 and 1.10.11; six pinned Octave/QETLAB fixtures pass 18 comparisons. MATLAB was not run.","MATLAB varargin/default semantics require manual review","141"
"UPB.m","d60d9d2375d773c7e59930991ddf73427c9ffb0c77ded640b7f635f99ec13544","d8589610f00cff106537268dee2e2a1153f3a601","UPB","public","function [u,varargout] = UPB(name,varargin)","name;varargin","VERBOSE;NICE","VERBOSE=1;NICE=0","1","true","at_least_1_fixed_outputs_plus_varargout","u;varargout","Generates an unextendible product basis","http://www.qetlab.com/UPB","Nathaniel Johnston (nathaniel@njohnston.ca)","FourierMatrix;IsTotallyNonsingular;normalize_cols","","FourierMatrix;IsTotallyNonsingular;MinUPBSize;normalize_cols;one_factorization;opt_args;opt_disp;perm_inv;Swap","FourierMatrix;IsTotallyNonsingular;MinUPBSize;normalize_cols;one_factorization;opt_args;opt_disp;perm_inv;Swap","MATLAB Symbolic Math Toolbox","not_declared","","none_detected","rand;randn","","implicit_matlab_global_rng_direct:rand,randn","entanglement","upb","upb(name_or_dims, args...; real_type=Float64, atol=0, rtol=nothing, boundary_factor=8, max_attempts=64, max_local_entries=1000000, max_global_entries=2000000, max_work=50000000, max_minors=250000); upb(rng::AbstractRNG, name_or_dims, args...; kwargs...)","UPB","verified","full-family_dimension-dispatch_property_unextendibility_resource_rng_precision_wrapper-and-pinned-octave-tests-pass-on-current-and-julia-1.10","complete-catalog_result_rng_resource_defect_provenance_api-and-migration-docs","five-quick-smoke-cases-added_not-yet-recorded","qetlab-bsd-2-clause-license-verified","manually_reviewed_wp2_full_catalog_mapping","Every executable named and dimension-driven family in the pinned catalog is implemented with a stable UPBConstruction containing owned local/global vectors, family/reference metadata, validation residuals, explicit resource limits, and RNG/work diagnostics.;Focused family, full-definition unextendibility, qubit ray-cover, dimension dispatch, original-order, precision, validation, resource, RNG-isolation, public export, and compatibility tests pass on Julia 1.12.6 and 1.10.11. Seventeen deterministic pinned Octave fixtures plus the John2^4k defect fixture pass on both lines; authoritative MATLAB was not run.;The Alon-Lovasz and Chen-Johnston routes require an explicit caller RNG and replace unbounded global-RNG retry loops with bounded, recorded full-spark searches. Deterministic branches support Float32, Float64, and BigFloat; randomized SVD branches support Float32 and Float64.;The nested NICE symbolic helpers are unreachable from executable top-level UPB routes, so the numeric catalog has no Symbolic Math Toolbox dependency and records this disposition.;The pinned GenTiles1(2) branch returns an extendible singleton and is rejected. The pinned John2^4k reshape ordering returns a nonorthogonal eight-party family; the native implementation follows Johnston's orthogonality graphs and a private round-robin one-factorization instead. Both source defects are documented and retained by regression/oracle evidence.","behavior depends on MATLAB input/output arity;implicit MATLAB global RNG; Julia API must accept an explicit rng;MATLAB varargin/default semantics require manual review;output arity varies through MATLAB varargout","867"
"UPBSepDistinguishable.m","651c0ff6d8a59d8da6bf1d0632e7e118362b02e9742262e576c39e7aa4491035","d8589610f00cff106537268dee2e2a1153f3a601","UPBSepDistinguishable","public","function dist = UPBSepDistinguishable(varargin)","varargin","","","1","false","exactly_1_outputs","dist","Determines whether or not a UPB is distinguishable by separable measurements","http://www.qetlab.com/UPBSepDistinguishable","Nathaniel Johnston (nathaniel@njohnston.ca)","CVX;opt_args;vec_partitions","","vec_partitions","opt_args;vec_partitions","CVX","not_declared","","none_detected","","","deterministic_no_direct_or_transitive_rng_calls_detected","entanglement","upb_sep_distinguishable","upb_sep_distinguishable(local_factors; backend=NoOptimizationBackend(), max_partitions=100000, max_candidates=100000, max_work=100000000, ...)","UPBSepDistinguishable","verified","local-211-native-42-compatibility-and-72-hypatia-scs-extension-assertions-pass-on-julia-1.10-and-1.12_upstream-cvx-branch-not-run","native-and-compatibility-docstrings_separability-optimization-guide_api-reference_and-migration-contract-present","local_quick-smoke-case-declared_not-yet-recorded","qetlab-bsd-2-clause-license-verified","source_reviewed_and_completed_wp6_2026_07_30","Partition nodes, leaf SVD/candidate/duplicate work, state count, candidates, dense entries, and solver model resources are preflighted. Complex orthogonality uses the Hilbert-space adjoint, correcting the pinned nonconjugating transpose.;The native routine validates a minimal floating-point UPB, lazily enumerates replacement product vectors, and solves the nonnegative identity-reconstruction cone model through the optional backend.;The public domain is Float32, Float64, ComplexF32, or ComplexF64. A residual-checked numerical reconstruction and a Farkas separator for the computed floating cone remain structured inconclusive evidence; neither yields a Boolean theorem, and structured=false always rejects.;This deliberately strengthens the pinned tolerance-based Boolean contract. Exact rational replacement-cone certification is not claimed or exposed.","behavior depends on MATLAB input/output arity;CVX solver status and failure semantics require an explicit Julia design;MATLAB varargin/default semantics require manual review","124"
"WernerState.m","c8b73e04d34a8fe7693cab9cb1fc76081f9dbb89f3ee84f6e152e5401e59b829","d8589610f00cff106537268dee2e2a1153f3a601","WernerState","public","function rho = WernerState(dim,alpha)","dim;alpha","","","1","false","exactly_1_outputs","rho","Produces a Werner state","http://www.qetlab.com/WernerState","Nathaniel Johnston (nathaniel@njohnston.ca)","iden;opt_args;PermutationOperator;PermuteSystems;Swap;SwapOperator","","PermutationOperator;SwapOperator","iden;opt_args;PermutationOperator;PermuteSystems;Swap;SwapOperator","","explicit","speye","none_detected","","","deterministic_no_direct_or_transitive_rng_calls_detected","quantum_states","werner_state","werner_state(dim, alpha; sparse_output=true, max_permutations=40320, max_nonzeros=1000000, max_dense_entries=1000000, max_work=100000000, atol=nothing, rtol=nothing)","WernerState","verified","local-bipartite-and-multipartite_permutation-sum_hermiticity-psd-trace_rational-float32-complex_sparse-dense_wrapper-guard-invalid-and-julia-1.10-tests_plus-pinned-overwrite-discrepancy-octave-fixture-pass_matlab-not-run","native-and-compatibility-docstrings_states-guide_api-index-and-migration-contract-present","local_quick-smoke-cases-present","qetlab-bsd-2-clause-license-verified","manually_reviewed_wp2_mapping","Focused native/compatibility tests pass on Julia 1.12 and 1.10; the pinned overwrite, one-entry vector, and invalid-length routes were run under Octave 11.3.0. Authoritative MATLAB execution has not been run.;Multipartite coefficients must obey the exact inverse-permutation conjugacy relation. Positivity is certified by the coefficient norm or a bounded dense eigendecomposition; trace, permutation count, nonzeros, dense entries, and work are validated without symmetrization, clipping, or coefficient repair.;Scalar parameters retain the verified bipartite family. A vector with p!-1 entries implements the documented normalized sum over lexicographically ordered subsystem permutations.;The pinned multipartite loop overwrites rho at every iteration and retains only the final parameter. The Julia native and compatibility paths intentionally correct this source defect; a source-free Octave fixture records and independently reconstructs the pinned last-term-only output.","","56"
"WState.m","081b93e687c596f3bc55142c5b670937ca3425b6a872f66d01a4df337a3e11e8","d8589610f00cff106537268dee2e2a1153f3a601","WState","public","function w_state = WState(q,varargin)","q;varargin","COEFF","COEFF=[1,1,...,1]/sqrt(Q)","1","false","exactly_1_outputs","w_state","Generates a (generalized) W-state","http://www.qetlab.com/WState","Vincent Russo (vrusso@uwaterloo.ca) Nathaniel Johnston (nathaniel@njohnston.ca)","opt_args","","opt_args","opt_args","","explicit","sparse","none_detected","","","deterministic_no_direct_or_transitive_rng_calls_detected","quantum_states","w_state","w_state(parties; coefficients=nothing, sparse_output=true, T=Float64)","WState","verified","local_normalization_coefficients_sparse_wrapper_and_octave_fixture_tests_pass_matlab_not_run","api_docstring_focused_page_and_migration_mapping_present","not_started","qetlab-bsd-2-clause-license-verified","manually_reviewed_tier_b_mapping","Coefficient-to-subsystem order follows the package's most-significant-first convention.;Function-specific Octave/QETLAB evidence is supplemental and MATLAB was not run.","MATLAB varargin/default semantics require manual review","44"
"XORGameValue.m","dbbd2b5088559760c140f4c1ef5034f5e3aed2d0699f93608dc73db94e97d84c","d8589610f00cff106537268dee2e2a1153f3a601","XORGameValue","public","function val = XORGameValue(p,f,varargin)","p;f;varargin","VTYPE","VTYPE='classical'","1","false","exactly_1_outputs","val","Computes the classical or quantum value of a nonlocal binary XOR game","http://www.qetlab.com/XORGameValue","Nathaniel Johnston (nathaniel@njohnston.ca)","CVX","","opt_args","opt_args","CVX","not_declared","","none_detected","","","deterministic_no_direct_or_transitive_rng_calls_detected","nonlocality_and_games","xor_game_value","xor_game_value(probabilities, winning_parity; regime=:classical, backend=NoOptimizationBackend(), max_strategies=1000000, max_work=100000000, ...)","XORGameValue","verified","local-187-native-30-compatibility-101-hypatia-scs-and-30-source-free-pinned-octave-oracle-assertions-pass-on-julia-1.10-and-1.12_matlab-and-cvx-not-run","native-and-compatibility-docstrings_nonlocal-optimization-guide_api-reference_and-migration-contract-present","local_quick-smoke-case-declared_not-yet-recorded","qetlab-bsd-2-clause-license-verified","source_reviewed_and_completed_wp9_2026_07_30","A quantum solver value is numerical upper evidence only when backed by an objective bound or dual objective; compatibility scalar output rejects uncertified relaxation values.;The exact classical branch reduces enumeration to the smaller party and checks both strategy and scalar-work budgets before iteration.;The quantum branch builds the Tsirelson Gram SDP and retains its Gram matrix and solver diagnostics.","CVX solver status and failure semantics require an explicit Julia design;MATLAB varargin/default semantics require manual review","94"
